id_estudiante,semestre,edad,sexo,departamento_origen,zona_origen,estrato,tipo_colegio,percentil_saber11,programa,trabaja,horas_trabajo_semana,personas_a_cargo,ingreso_hogar_smlmv,apoyo_financiero,fuente_financiacion,tiempo_desplazamiento_min,creditos_matriculados,promedio_academico,asistencia_pct,actividad_lms_pct,materias_perdidas,materias_canceladas,mora_financiera,acompanamiento_bienestar,creditos_prev_matriculados,creditos_prev_aprobados,pct_creditos_prev_aprobados,probabilidad_latente_desercion,deserta_siguiente_periodo
EST-00001,2,23,Mujer,Atlántico,Urbana,2,Oficial,43,Ingeniería de Sistemas,No,0,0,1.38,No,Recursos familiares,71,17,2.71,79,78,1,0,No,Sí,18,15,83.3,0.2537,No
EST-00002,1,20,Hombre,Otro,Rural,3,Oficial,61,Ingeniería de Sistemas,Sí,12,2,1.77,No,Crédito educativo,60,17,3.57,99.3,83,0,0,No,No,,,,0.1039,Sí
EST-00003,1,20,Mujer,Cauca,Urbana,3,Oficial,70,Ingeniería de Sistemas,No,0,0,1.54,Sí,Mixto,30,16,3.83,100,58,1,0,No,No,,,,0.0546,No
EST-00004,1,17,Hombre,Atlántico,Urbana,3,Oficial,72,Psicología,No,0,0,2.53,No,Beca / subsidio,66,20,3.95,84.2,76,0,0,No,No,,,,0.1038,No
EST-00005,1,19,Hombre,Bogotá D.C.,Urbana,1,Oficial,80,Ingeniería Industrial,No,0,0,1.66,Sí,Mixto,29,16,2.88,89.2,53,0,0,No,No,,,,0.0756,No
EST-00006,1,17,Mujer,Atlántico,Urbana,1,Oficial,56,Administración,No,0,0,0.94,Sí,Beca / subsidio,50,16,3.52,90.4,66,0,0,Sí,No,,,,0.0995,No
EST-00007,2,17,Mujer,Bolívar,Urbana,2,Oficial,39,Contaduría,No,0,0,2.37,No,Recursos familiares,32,20,2.96,87.9,64,0,0,Sí,Sí,18,18,100,0.1881,Sí
EST-00008,2,18,Hombre,Magdalena,Rural,1,Oficial,21,Enfermería,No,0,0,0.97,Sí,Recursos familiares,12,18,2.93,82.5,88,2,0,No,Sí,14,9,64.3,0.2085,Sí
EST-00009,1,19,Mujer,Antioquia,Urbana,2,Oficial,33,Ingeniería de Sistemas,Sí,15,0,1.22,Sí,Mixto,37,18,3.99,94,82,0,0,No,Sí,,,,0.0482,No
EST-00010,2,21,Mujer,Bogotá D.C.,Urbana,3,Privado,66,Enfermería,No,0,0,1.47,No,Crédito educativo,77,16,2.97,89.1,78,0,0,No,Sí,18,18,100,0.1083,Sí
EST-00011,1,24,Mujer,Norte de Santander,Urbana,3,Privado,55,Administración,Sí,16,0,2.01,Sí,Crédito educativo,57,15,3.69,100,65,1,0,No,No,,,,0.0707,No
EST-00012,1,19,Mujer,Córdoba,Urbana,2,Oficial,3,Derecho,No,0,0,1.21,No,Crédito educativo,59,15,3.39,82.5,57,0,0,No,No,,,,0.1529,No
EST-00013,1,22,Hombre,Risaralda,Urbana,1,Oficial,64,Administración,Sí,18,1,0.57,Sí,Beca / subsidio,28,19,2.73,92.6,62,0,0,No,No,,,,0.1474,No
EST-00014,2,21,Hombre,Nariño,Urbana,2,Oficial,62,Diseño,Sí,17,0,3.47,No,Recursos familiares,62,18,3.78,89.1,75,0,0,No,No,20,20,100,0.0911,No
EST-00015,1,19,Hombre,Valle del Cauca,Urbana,2,Oficial,64,Negocios Internacionales,No,0,0,3.77,No,Crédito educativo,5,18,3.53,96,74,0,0,No,No,,,,0.1125,No
EST-00016,2,20,Mujer,Atlántico,Rural,1,Oficial,21,Ingeniería de Sistemas,No,0,0,1.17,Sí,Mixto,50,16,3.46,96.5,60,0,0,No,No,14,13,92.9,0.0259,No
EST-00017,1,25,Mujer,Huila,Rural,3,Oficial,73,Ingeniería de Sistemas,Sí,30,0,3.78,Sí,Mixto,48,16,3.46,85.4,72,0,0,No,No,,,,0.094,No
EST-00018,1,20,Hombre,Meta,Urbana,1,Oficial,73,Diseño,No,0,0,1.32,No,Crédito educativo,50,19,3.64,87.7,65,0,0,No,No,,,,0.1306,No
EST-00019,2,18,Hombre,Caldas,Urbana,3,Oficial,41,Derecho,No,0,0,1.01,No,Beca / subsidio,5,19,3.03,96.3,76,3,0,No,Sí,18,11,61.1,0.2661,No
EST-00020,2,18,Mujer,Risaralda,Rural,1,Oficial,37,Diseño,Sí,11,0,0.92,Sí,Beca / subsidio,36,17,3.76,90.1,85,0,0,No,No,18,18,100,0.0459,No
EST-00021,2,18,Hombre,Otro,Urbana,2,Oficial,12,Contaduría,No,0,0,2.52,Sí,Beca / subsidio,30,19,3.31,95.3,67,0,0,No,No,16,16,100,0.0324,No
EST-00022,2,19,Mujer,Atlántico,Rural,3,Oficial,37,Negocios Internacionales,No,0,0,4.1,No,Recursos familiares,94,18,3.06,91,70,0,0,No,No,18,18,100,0.1201,No
EST-00023,1,19,Hombre,Meta,Urbana,2,Oficial,62,Derecho,No,0,0,1.5,Sí,Beca / subsidio,19,17,4,91.5,64,0,0,No,No,,,,0.04,No
EST-00024,1,20,Hombre,Bogotá D.C.,Urbana,1,Oficial,14,Psicología,No,0,0,0.98,No,Recursos familiares,53,14,2.44,78.7,50,2,0,No,No,,,,0.3624,No
EST-00025,2,19,Mujer,Nariño,Urbana,2,Privado,24,Diseño,Sí,31,0,1.29,No,Crédito educativo,45,16,2.34,91.2,59,3,1,Sí,Sí,14,7,50,0.7987,Sí
EST-00026,1,19,Hombre,Cundinamarca,Urbana,4,Privado,83,Negocios Internacionales,Sí,14,0,5.82,Sí,Crédito educativo,71,18,2.74,90.6,60,1,0,No,No,,,,0.1924,No
EST-00027,1,20,Mujer,Antioquia,Urbana,2,Privado,76,Administración,No,0,0,1.8,No,Crédito educativo,61,19,4.81,90.1,80,0,1,No,No,,,,0.1028,No
EST-00028,1,20,Mujer,Antioquia,Urbana,3,Oficial,40,Diseño,No,0,0,2.3,No,Crédito educativo,56,18,3.56,74.7,94,0,0,No,No,,,,0.1433,No
EST-00029,1,19,Mujer,Antioquia,Rural,1,Oficial,70,Contaduría,No,0,0,0.61,Sí,Recursos familiares,98,19,3.81,86.6,63,0,1,No,No,,,,0.104,No
EST-00030,1,25,Hombre,Norte de Santander,Urbana,3,Oficial,48,Enfermería,Sí,20,0,4.01,No,Crédito educativo,26,18,2.62,82.6,49,0,0,No,Sí,,,,0.2146,No
EST-00031,2,37,Mujer,Cundinamarca,Urbana,3,Oficial,14,Negocios Internacionales,Sí,43,2,1.52,No,Beca / subsidio,59,18,1.78,82.7,38,1,0,No,Sí,18,17,94.4,0.4672,No
EST-00032,1,21,Mujer,Bogotá D.C.,Urbana,2,Oficial,56,Contaduría,No,0,1,2,Sí,Recursos familiares,47,15,4.21,100,84,0,0,No,No,,,,0.033,No
EST-00033,1,33,Mujer,Bogotá D.C.,Urbana,3,Oficial,55,Psicología,Sí,40,0,2.31,No,Recursos familiares,65,15,2.45,80.1,41,0,0,No,No,,,,0.3574,Sí
EST-00034,2,17,Mujer,Magdalena,Urbana,3,Oficial,67,Ingeniería de Sistemas,No,0,0,3.04,No,Crédito educativo,76,18,2.63,89.8,82,1,0,No,No,20,19,95,0.2052,Sí
EST-00035,2,19,Mujer,Otro,Rural,2,Privado,43,Diseño,No,0,0,1.27,No,Mixto,88,18,3.96,81,83,0,0,No,No,14,14,100,0.0904,No
EST-00036,2,19,Hombre,Antioquia,Urbana,1,Oficial,52,Contaduría,No,0,0,0.99,Sí,Crédito educativo,47,17,3.6,94.3,63,0,0,No,No,14,14,100,0.057,No
EST-00037,2,19,Mujer,Valle del Cauca,Urbana,2,Oficial,44,Ingeniería de Sistemas,No,0,0,0.64,No,Crédito educativo,57,18,3.22,86.4,66,0,0,No,No,20,19,95,0.114,No
EST-00038,1,17,Hombre,Valle del Cauca,Urbana,1,Oficial,39,Derecho,Sí,6,0,0.81,Sí,Recursos familiares,44,20,3.28,100,63,0,0,No,No,,,,0.0564,No
EST-00039,2,16,Mujer,Bogotá D.C.,Urbana,1,Oficial,42,Contaduría,No,0,0,1.22,Sí,Beca / subsidio,52,14,3.33,95.9,76,0,0,No,No,20,19,95,0.0558,No
EST-00040,1,19,Mujer,Bogotá D.C.,Urbana,5,Privado,72,Contaduría,No,0,0,6.2,No,Beca / subsidio,46,20,2.78,89.9,75,0,0,No,No,,,,0.1417,No
EST-00041,1,22,Hombre,Córdoba,Urbana,2,Oficial,47,Administración,Sí,26,0,1.77,No,Crédito educativo,15,20,3.88,96.7,73,0,0,No,No,,,,0.1117,No
EST-00042,1,21,Hombre,Norte de Santander,Urbana,2,Privado,16,Negocios Internacionales,No,0,0,1.25,No,Mixto,65,16,3.78,91.9,72,0,0,Sí,No,,,,0.1822,No
EST-00043,1,19,Mujer,Cauca,Urbana,2,Oficial,64,Diseño,Sí,22,0,2.08,No,Recursos familiares,55,18,4.2,88.4,100,0,0,No,No,,,,0.0893,No
EST-00044,1,19,Mujer,Bolívar,Rural,3,Privado,28,Derecho,No,0,0,2.98,No,Mixto,81,18,2.92,85.6,80,0,0,Sí,No,,,,0.2386,No
EST-00045,1,32,Hombre,Bogotá D.C.,Urbana,1,Oficial,47,Administración,No,0,0,1.07,Sí,Mixto,61,17,3.13,77.5,65,0,0,No,No,,,,0.099,No
EST-00046,1,19,Mujer,Bolívar,Urbana,3,Oficial,56,Contaduría,No,0,0,1.2,No,Mixto,29,18,2.32,88.3,77,0,0,No,No,,,,0.1702,No
EST-00047,2,17,Hombre,Antioquia,Urbana,2,Oficial,45,Administración,No,0,0,1.32,Sí,Mixto,23,16,3.33,92.1,73,1,0,No,No,20,18,90,0.0685,No
EST-00048,1,26,Hombre,Bogotá D.C.,Urbana,3,Oficial,63,Administración,No,0,0,3.92,No,Recursos familiares,60,19,3.22,90.6,76,0,0,No,Sí,,,,0.0817,Sí
EST-00049,1,19,Hombre,Bogotá D.C.,Urbana,2,Oficial,54,Ingeniería Industrial,No,0,0,1.15,No,Recursos familiares,77,14,3.15,91.2,79,0,0,No,No,,,,0.1478,No
EST-00050,1,19,Hombre,Bogotá D.C.,Urbana,2,Oficial,34,Ingeniería Industrial,No,0,0,2.83,No,Recursos familiares,54,19,2.98,89.9,89,0,0,No,No,,,,0.1642,No
EST-00051,1,21,Mujer,Risaralda,Urbana,2,Oficial,71,Ingeniería Industrial,No,0,0,1.2,No,Beca / subsidio,41,18,3.17,87.2,55,1,0,Sí,No,,,,0.34,No
EST-00052,2,18,Hombre,Nariño,Urbana,1,Oficial,57,Contaduría,No,0,0,1.26,No,Crédito educativo,48,18,3.64,95.3,100,0,0,No,No,18,18,100,0.0782,No
EST-00053,2,20,Mujer,Bogotá D.C.,Urbana,3,Oficial,88,Negocios Internacionales,Sí,20,0,4.47,Sí,Beca / subsidio,8,17,2.9,95.9,78,0,0,No,No,18,18,100,0.1047,No
EST-00054,1,21,Mujer,Bogotá D.C.,Urbana,2,Oficial,70,Enfermería,No,0,0,1.45,No,Recursos familiares,55,15,4.37,89.4,65,0,0,No,No,,,,0.111,No
EST-00055,1,26,Hombre,Atlántico,Urbana,2,Oficial,42,Enfermería,No,0,0,0.93,Sí,Crédito educativo,41,16,2.22,75.9,78,1,0,No,No,,,,0.1873,No
EST-00056,1,19,Mujer,Cauca,Urbana,3,Privado,86,Administración,No,0,0,3.17,No,Mixto,41,18,3.37,83,54,0,0,No,No,,,,0.0771,Sí
EST-00057,2,19,Hombre,Cesar,Urbana,1,Oficial,37,Derecho,No,0,0,0.98,Sí,Beca / subsidio,35,18,2.71,83.4,38,1,0,No,No,18,17,94.4,0.1069,No
EST-00058,1,19,Hombre,Bogotá D.C.,Urbana,1,Oficial,57,Ingeniería de Sistemas,No,0,0,1.35,No,Recursos familiares,95,14,3.51,86.6,77,0,0,No,No,,,,0.1381,No
EST-00059,1,20,Hombre,Córdoba,Urbana,3,Oficial,30,Contaduría,No,0,0,2.04,No,Crédito educativo,56,15,2.81,94.1,48,0,0,No,No,,,,0.1342,No
EST-00060,2,20,Mujer,Valle del Cauca,Urbana,3,Oficial,57,Negocios Internacionales,No,0,0,2.87,No,Beca / subsidio,24,15,3.02,87,65,0,0,No,No,20,20,100,0.0822,No
EST-00061,1,20,Hombre,Antioquia,Urbana,2,Privado,49,Negocios Internacionales,Sí,48,0,1.79,No,Recursos familiares,31,20,3.52,78.3,68,0,2,No,No,,,,0.3163,Sí
EST-00062,2,35,Mujer,Bogotá D.C.,Urbana,3,Oficial,96,Comunicación,Sí,48,0,1.81,No,Recursos familiares,35,19,3.88,92.2,63,0,0,No,No,16,16,100,0.0672,No
EST-00063,2,19,Hombre,Otro,Urbana,2,Oficial,40,Contaduría,No,0,0,1,No,Recursos familiares,48,16,3.36,82.2,82,0,0,No,No,20,20,100,0.1217,No
EST-00064,1,21,Hombre,Nariño,Urbana,2,Oficial,48,Ingeniería de Sistemas,No,0,0,0.87,No,Crédito educativo,25,15,2.09,82.8,70,2,0,Sí,Sí,,,,0.5547,No
EST-00065,2,23,Hombre,Atlántico,Urbana,3,Privado,56,Administración,No,0,1,2.05,No,Recursos familiares,5,16,3.39,100,64,0,0,No,No,14,13,92.9,0.0657,No
EST-00066,2,18,Hombre,Antioquia,Rural,2,Oficial,19,Derecho,No,0,0,1.89,No,Recursos familiares,85,16,2.64,92,62,0,0,No,No,18,17,94.4,0.2217,No
EST-00067,1,24,Hombre,Córdoba,Rural,4,Privado,43,Ingeniería Industrial,Sí,19,0,2.84,No,Recursos familiares,30,20,2.46,90,68,0,0,No,Sí,,,,0.1651,No
EST-00068,2,19,Hombre,Bolívar,Urbana,1,Privado,44,Contaduría,No,0,0,0.98,Sí,Mixto,39,20,4.01,90,85,0,0,No,No,18,17,94.4,0.01,No
EST-00069,2,24,Hombre,Bogotá D.C.,Urbana,2,Privado,49,Derecho,Sí,28,1,1.05,No,Crédito educativo,48,17,3.28,90.1,63,1,0,No,No,18,17,94.4,0.2008,Sí
EST-00070,1,24,Hombre,Santander,Urbana,1,Privado,51,Negocios Internacionales,No,0,0,1.02,Sí,Mixto,65,16,3.85,89.3,97,0,0,No,No,,,,0.0451,No
EST-00071,2,19,Mujer,Valle del Cauca,Urbana,2,Oficial,54,Contaduría,No,0,0,1.42,No,Recursos familiares,64,18,3.06,91.6,76,0,0,No,No,20,20,100,0.1055,No
EST-00072,1,18,Hombre,Valle del Cauca,Urbana,4,Privado,72,Ingeniería de Sistemas,No,0,0,6.23,Sí,Mixto,19,19,3.85,100,98,0,0,No,No,,,,0.0499,No
EST-00073,1,19,Mujer,Antioquia,Urbana,3,Oficial,35,Comunicación,No,0,0,1.38,No,Recursos familiares,35,18,2.76,93.8,50,2,0,Sí,No,,,,0.3594,No
EST-00074,2,17,Hombre,Antioquia,Rural,1,Oficial,48,Derecho,Sí,4,0,0.76,Sí,Mixto,97,15,3.07,93.1,91,0,0,No,No,20,20,100,0.0947,No
EST-00075,2,21,Mujer,Bogotá D.C.,Urbana,2,Privado,80,Negocios Internacionales,Sí,33,0,2.34,No,Recursos familiares,53,15,3.21,91.9,85,2,1,No,No,18,13,72.2,0.2032,No
EST-00076,1,18,Mujer,Huila,Urbana,3,Oficial,70,Administración,No,0,0,2.2,Sí,Recursos familiares,52,16,3.73,87.9,81,0,0,No,Sí,,,,0.0386,Sí
EST-00077,1,24,Mujer,Cundinamarca,Urbana,3,Oficial,68,Negocios Internacionales,Sí,36,0,2.06,No,Recursos familiares,5,14,3.7,86.8,55,1,0,No,No,,,,0.1463,Sí
EST-00078,1,18,Mujer,Cauca,Urbana,1,Oficial,31,Ingeniería de Sistemas,No,0,0,1.15,Sí,Mixto,51,19,3.14,84.3,88,0,0,No,No,,,,0.0739,No
EST-00079,2,20,Mujer,Santander,Rural,1,Oficial,22,Ingeniería de Sistemas,No,0,2,0.72,Sí,Beca / subsidio,155,14,2.76,82.7,94,0,0,Sí,No,18,18,100,0.2902,No
EST-00080,1,20,Hombre,Otro,Urbana,4,Privado,60,Administración,No,0,0,3.37,No,Crédito educativo,42,19,4.24,97.2,74,0,0,No,No,,,,0.0781,No
EST-00081,2,19,Hombre,Santander,Urbana,2,Privado,33,Comunicación,No,0,0,1.67,Sí,Crédito educativo,47,16,3.76,87.1,70,0,0,No,No,18,18,100,0.0465,No
EST-00082,1,21,Mujer,Atlántico,Urbana,6,Privado,61,Negocios Internacionales,No,0,0,7.84,No,Recursos familiares,59,18,3.7,87.9,68,0,0,Sí,No,,,,0.141,No
EST-00083,2,17,Mujer,Valle del Cauca,Urbana,2,Privado,65,Diseño,Sí,17,0,2.7,No,Recursos familiares,38,18,3.71,95.8,93,0,0,No,No,18,18,100,0.102,No
EST-00084,2,18,Mujer,Risaralda,Urbana,3,Oficial,45,Derecho,No,0,0,2.1,Sí,Recursos familiares,5,16,3.4,86.3,94,0,0,No,No,16,16,100,0.0202,No
EST-00085,1,18,Hombre,Cauca,Urbana,2,Privado,37,Administración,No,0,0,1.33,No,Recursos familiares,74,19,2.5,74.7,65,1,0,No,No,,,,0.3712,No
EST-00086,1,18,Mujer,Quindío,Urbana,2,Oficial,16,Administración,Sí,10,0,1.89,Sí,Mixto,15,20,2.66,96.2,83,0,0,No,No,,,,0.115,No
EST-00087,2,25,Hombre,Caldas,Urbana,3,Oficial,60,Psicología,No,0,0,1.73,No,Recursos familiares,29,16,3.17,89.1,84,0,0,No,No,18,18,100,0.0891,No
EST-00088,1,19,Hombre,Bogotá D.C.,Urbana,2,Oficial,51,Contaduría,Sí,4,0,1.44,No,Crédito educativo,47,18,2.85,92.8,65,0,0,Sí,No,,,,0.2909,Sí
EST-00089,1,22,Mujer,Valle del Cauca,Urbana,3,Privado,29,Administración,No,0,0,4.8,No,Mixto,19,18,4.03,100,77,0,0,No,No,,,,0.085,No
EST-00090,2,17,Mujer,Antioquia,Urbana,5,Oficial,69,Psicología,No,0,0,7.14,No,Beca / subsidio,36,18,2.94,89.1,38,3,0,No,Sí,16,11,68.8,0.3206,No
EST-00091,2,21,Hombre,Atlántico,Rural,3,Oficial,51,Diseño,No,0,1,2.59,No,Mixto,79,18,3.25,79.4,94,1,0,No,No,18,16,88.9,0.162,No
EST-00092,1,18,Hombre,Atlántico,Urbana,2,Oficial,49,Ingeniería de Sistemas,No,0,0,0.64,Sí,Recursos familiares,54,18,2.84,93.4,52,0,0,Sí,No,,,,0.1206,No
EST-00093,1,19,No binario / otro,Bogotá D.C.,Urbana,3,Oficial,34,Administración,No,0,0,3.35,No,Crédito educativo,40,20,3.51,83.5,86,0,0,No,Sí,,,,0.0341,No
EST-00094,2,20,Mujer,Bogotá D.C.,Urbana,3,Privado,56,Contaduría,No,0,0,2.07,No,Mixto,62,19,3.99,89.3,75,0,0,No,No,18,18,100,0.0409,No
EST-00095,1,21,Mujer,Tolima,Urbana,3,Oficial,63,Contaduría,No,0,0,1.68,No,Recursos familiares,47,16,3.55,87.7,61,0,0,No,No,,,,0.0941,No
EST-00096,1,21,Hombre,Bogotá D.C.,Urbana,2,Oficial,23,Enfermería,No,0,0,1.97,No,Crédito educativo,67,18,2.49,88,53,1,0,No,No,,,,0.2755,No
EST-00097,1,24,Hombre,Valle del Cauca,Urbana,1,Oficial,32,Ingeniería de Sistemas,No,0,0,0.73,No,Crédito educativo,78,20,3.44,86.5,63,0,0,Sí,No,,,,0.2368,No
EST-00098,2,24,Mujer,Valle del Cauca,Urbana,4,Privado,63,Psicología,Sí,13,0,3.15,No,Beca / subsidio,42,16,3.47,88,60,0,0,No,No,16,16,100,0.0927,Sí
EST-00099,1,18,Hombre,Risaralda,Urbana,3,Oficial,35,Comunicación,No,0,0,3.59,No,Recursos familiares,37,18,3.19,87.7,78,0,0,No,No,,,,0.0971,No
EST-00100,2,17,No binario / otro,Santander,Urbana,3,Privado,95,Ingeniería de Sistemas,No,0,0,3.95,Sí,Recursos familiares,33,18,3.13,88.2,48,0,0,No,No,18,18,100,0.0494,No
EST-00101,1,20,Mujer,Bogotá D.C.,Urbana,3,Oficial,69,Psicología,No,0,0,2.67,No,Recursos familiares,44,20,3.46,85.2,67,0,0,No,No,,,,0.0633,No
EST-00102,1,20,Hombre,Tolima,Rural,3,Oficial,5,Psicología,No,0,0,2.49,Sí,Mixto,61,18,2.59,88.7,36,0,0,No,No,,,,0.1926,No
EST-00103,1,18,Hombre,Cundinamarca,Urbana,5,Privado,58,Comunicación,No,0,0,6.84,No,Crédito educativo,30,18,3.1,77.9,61,2,1,No,No,,,,0.2829,No
EST-00104,1,19,Mujer,Atlántico,Urbana,3,Oficial,70,Diseño,No,0,0,3.69,Sí,Mixto,52,18,3.83,90.8,65,0,1,No,No,,,,0.0709,No
EST-00105,1,19,Hombre,Valle del Cauca,Urbana,2,Oficial,71,Psicología,Sí,17,0,1.51,No,Mixto,50,16,3.71,100,92,0,0,No,No,,,,0.0768,No
EST-00106,2,20,Hombre,Meta,Urbana,1,Oficial,36,Comunicación,No,0,0,1.13,No,Recursos familiares,37,17,3.1,86.8,92,4,0,Sí,Sí,16,9,56.2,0.5323,Sí
EST-00107,2,18,Hombre,Otro,Urbana,1,Oficial,47,Diseño,Sí,4,0,0.49,No,Mixto,56,17,2.87,90.8,52,1,0,No,No,14,11,78.6,0.1841,No
EST-00108,1,21,Mujer,Tolima,Urbana,3,Oficial,46,Comunicación,No,0,0,2.06,No,Beca / subsidio,71,15,3.25,97.9,70,0,0,No,No,,,,0.0578,Sí
EST-00109,1,18,Mujer,Cauca,Urbana,2,Oficial,99,Ingeniería de Sistemas,No,0,0,2.36,No,Crédito educativo,33,18,4.19,100,97,0,0,Sí,No,,,,0.1512,No
EST-00110,1,20,Mujer,Antioquia,Urbana,3,Oficial,60,Diseño,Sí,23,1,2.17,No,Beca / subsidio,40,17,3.81,90.7,76,0,0,No,No,,,,0.0614,No
EST-00111,1,18,Hombre,Antioquia,Urbana,2,Oficial,34,Enfermería,No,0,1,1.1,No,Beca / subsidio,48,18,3.44,100,69,0,0,No,No,,,,0.1229,No
EST-00112,2,37,Mujer,Valle del Cauca,Urbana,3,Privado,26,Negocios Internacionales,No,0,2,3.29,No,Recursos familiares,39,19,2.85,91.1,88,0,0,No,No,16,16,100,0.1317,No
EST-00113,2,20,Mujer,Atlántico,Urbana,2,Privado,51,Ingeniería de Sistemas,No,0,0,3.2,Sí,Beca / subsidio,29,18,3.12,100,68,0,0,No,No,18,18,100,0.0888,No
EST-00114,2,17,Hombre,Caldas,Urbana,2,Oficial,30,Ingeniería de Sistemas,No,0,0,1.95,No,Crédito educativo,21,16,3.27,92,61,0,0,No,No,20,20,100,0.0994,No
EST-00115,2,25,Mujer,Cesar,Rural,5,Oficial,47,Enfermería,Sí,19,0,9.49,No,Beca / subsidio,74,17,3.48,81.1,61,0,0,Sí,No,16,16,100,0.1555,No
EST-00116,2,21,Mujer,Antioquia,Urbana,1,Oficial,49,Negocios Internacionales,No,0,0,1.28,Sí,Beca / subsidio,11,18,3.86,93.4,99,0,0,No,No,16,16,100,0.0388,No
EST-00117,1,21,Mujer,Otro,Rural,2,Privado,91,Derecho,No,0,1,1.35,Sí,Beca / subsidio,72,18,4.26,99.2,95,0,0,No,No,,,,0.0525,No
EST-00118,2,20,Mujer,Santander,Urbana,2,Privado,18,Administración,Sí,26,0,0.87,No,Recursos familiares,64,18,2.95,88.7,69,0,0,No,No,18,18,100,0.1168,No
EST-00119,1,22,Hombre,Santander,Urbana,2,Oficial,47,Diseño,No,0,0,1.8,Sí,Recursos familiares,19,14,3.32,91.9,79,0,0,No,No,,,,0.0559,No
EST-00120,1,20,Mujer,Antioquia,Rural,3,Oficial,40,Derecho,No,0,0,2.87,No,Mixto,33,16,3.45,93.1,68,0,0,No,No,,,,0.0939,No
EST-00121,2,19,Mujer,Santander,Urbana,2,Oficial,35,Psicología,No,0,0,1.22,Sí,Beca / subsidio,78,18,3.58,83.6,76,0,0,No,No,18,18,100,0.0693,No
EST-00122,2,22,Mujer,Santander,Urbana,2,Oficial,59,Ingeniería Industrial,No,0,0,1.7,Sí,Mixto,13,16,2.96,82,74,1,0,No,Sí,18,16,88.9,0.0794,No
EST-00123,1,18,Hombre,Bogotá D.C.,Urbana,3,Oficial,90,Enfermería,Sí,20,0,2.64,No,Crédito educativo,88,16,3.18,83.6,69,1,0,No,No,,,,0.2211,No
EST-00124,1,24,Mujer,Cundinamarca,Urbana,3,Oficial,45,Ingeniería de Sistemas,No,0,0,1.98,No,Mixto,44,15,3.51,88,69,0,0,No,No,,,,0.088,Sí
EST-00125,1,21,Hombre,Risaralda,Urbana,2,Privado,75,Administración,Sí,46,0,0.93,Sí,Crédito educativo,14,20,3.24,76.8,46,0,1,No,No,,,,0.1546,No
EST-00126,2,19,Hombre,Cundinamarca,Rural,1,Oficial,47,Comunicación,Sí,26,0,0.66,No,Recursos familiares,73,20,3.21,89.2,81,0,0,Sí,No,18,18,100,0.2123,No
EST-00127,2,19,Mujer,Otro,Urbana,2,Oficial,41,Psicología,No,0,0,1.59,Sí,Beca / subsidio,19,16,3.41,96.1,70,0,0,No,No,18,18,100,0.012,No
EST-00128,2,20,Hombre,Caldas,Urbana,1,Oficial,54,Administración,Sí,20,0,1.09,Sí,Recursos familiares,13,19,3.32,90.6,72,1,0,No,No,18,17,94.4,0.0392,Sí
EST-00129,2,20,Hombre,Norte de Santander,Urbana,1,Oficial,77,Negocios Internacionales,Sí,20,0,0.75,No,Crédito educativo,15,18,3.46,96.7,59,0,0,No,No,16,16,100,0.1077,No
EST-00130,2,17,Mujer,Bogotá D.C.,Urbana,1,Oficial,53,Enfermería,No,0,0,1.04,No,Recursos familiares,36,19,2.98,85.2,70,0,0,No,No,18,17,94.4,0.1209,No
EST-00131,1,20,Mujer,Atlántico,Urbana,3,Oficial,74,Administración,No,0,0,3.49,No,Recursos familiares,16,19,4.1,93.2,84,0,0,No,No,,,,0.0727,No
EST-00132,2,18,Hombre,Cauca,Urbana,2,Oficial,61,Ingeniería Industrial,Sí,32,0,1.86,Sí,Mixto,9,18,3.31,82,66,2,0,No,No,18,13,72.2,0.1611,No
EST-00133,1,20,Hombre,Risaralda,Urbana,2,Oficial,46,Enfermería,Sí,33,0,0.63,No,Crédito educativo,71,16,3.6,93.4,59,0,0,Sí,No,,,,0.3062,No
EST-00134,2,25,Hombre,Meta,Urbana,1,Oficial,46,Ingeniería de Sistemas,No,0,0,1.59,No,Crédito educativo,56,17,4.41,91.8,67,0,0,Sí,No,16,15,93.8,0.1339,No
EST-00135,1,19,Mujer,Risaralda,Urbana,2,Oficial,35,Ingeniería de Sistemas,No,0,0,0.89,No,Crédito educativo,55,16,2.68,92,61,1,0,No,No,,,,0.3248,Sí
EST-00136,1,20,Hombre,Cauca,Urbana,3,Oficial,53,Negocios Internacionales,No,0,0,3.3,No,Recursos familiares,12,20,3.28,93,54,0,0,No,No,,,,0.066,No
EST-00137,1,19,Mujer,Bogotá D.C.,Urbana,2,Oficial,64,Contaduría,No,0,0,1.59,No,Crédito educativo,63,20,3.25,100,64,0,1,No,No,,,,0.1518,No
EST-00138,1,19,Mujer,Valle del Cauca,Urbana,2,Oficial,63,Derecho,No,0,0,1.04,Sí,Recursos familiares,26,20,3.43,87.3,92,0,0,No,Sí,,,,0.0911,No
EST-00139,2,20,Hombre,Cundinamarca,Urbana,2,Oficial,16,Ingeniería Industrial,No,0,0,2.54,No,Recursos familiares,17,18,2.84,93.9,74,0,0,No,No,18,18,100,0.1302,No
EST-00140,2,22,Mujer,Atlántico,Urbana,3,Oficial,70,Ingeniería Industrial,Sí,32,0,2.18,Sí,Crédito educativo,91,18,2.59,83.4,54,0,0,No,Sí,18,18,100,0.1256,No
EST-00141,1,19,Mujer,Huila,Rural,2,Oficial,28,Derecho,Sí,38,0,1.81,Sí,Mixto,158,16,2.81,80.8,53,0,0,No,Sí,,,,0.1908,No
EST-00142,1,18,Mujer,Huila,Rural,1,Oficial,55,Diseño,No,0,0,0.68,Sí,Crédito educativo,12,18,3.63,98.5,63,0,0,No,No,,,,0.0537,No
EST-00143,1,18,Hombre,Tolima,Urbana,2,Oficial,48,Psicología,Sí,8,0,1.14,Sí,Crédito educativo,11,19,3.6,87.9,62,0,0,No,No,,,,0.0603,No
EST-00144,1,24,Mujer,Otro,Urbana,5,Oficial,67,Administración,No,0,0,3.77,No,Recursos familiares,53,19,2.87,81.7,57,0,0,No,No,,,,0.1575,Sí
EST-00145,1,18,Mujer,Bogotá D.C.,Urbana,4,Privado,35,Ingeniería de Sistemas,No,0,0,2.51,No,Recursos familiares,68,15,2.98,98.2,60,0,0,No,No,,,,0.0986,No
EST-00146,1,25,Hombre,Valle del Cauca,Urbana,3,Oficial,37,Diseño,No,0,1,2.62,No,Recursos familiares,33,18,3.25,87.1,70,1,0,No,No,,,,0.1952,No
EST-00147,1,20,Hombre,Bolívar,Urbana,2,Oficial,25,Ingeniería Industrial,No,0,0,2.02,No,Mixto,44,18,3.35,83.4,64,0,0,Sí,No,,,,0.1894,No
EST-00148,1,17,Hombre,Tolima,Urbana,1,Oficial,54,Contaduría,Sí,15,0,0.91,No,Recursos familiares,27,18,3.47,93.7,81,0,0,No,No,,,,0.1202,No
EST-00149,2,20,Mujer,Antioquia,Urbana,3,Oficial,3,Administración,No,0,0,3.4,No,Recursos familiares,45,18,3.77,98.3,83,0,0,No,No,18,18,100,0.0152,No
EST-00150,2,20,Mujer,Bolívar,Rural,4,Privado,49,Ingeniería Industrial,No,0,0,5.56,No,Recursos familiares,84,20,2.84,90.4,62,0,0,No,Sí,16,15,93.8,0.1134,No
EST-00151,2,17,Hombre,Atlántico,Urbana,2,Oficial,68,Contaduría,Sí,23,0,0.74,No,Crédito educativo,48,18,3.7,100,78,0,1,No,Sí,18,17,94.4,0.1133,No
EST-00152,2,20,Hombre,Bogotá D.C.,Urbana,3,Privado,55,Administración,No,0,0,3.11,No,Beca / subsidio,8,18,3.89,92.8,70,0,0,No,No,18,18,100,0.0338,No
EST-00153,1,19,Hombre,Bogotá D.C.,Rural,3,Oficial,33,Contaduría,No,0,0,3.12,No,Recursos familiares,62,17,3.6,98.5,49,0,0,No,No,,,,0.114,No
EST-00154,1,32,Mujer,Huila,Urbana,4,Privado,69,Comunicación,Sí,29,1,4.41,Sí,Mixto,45,19,3.48,86.4,81,0,0,No,No,,,,0.1339,No
EST-00155,1,20,Hombre,Valle del Cauca,Urbana,2,Oficial,3,Ingeniería de Sistemas,No,0,0,1.01,No,Recursos familiares,5,16,2.69,90,58,0,0,No,No,,,,0.1648,No
EST-00156,1,19,Mujer,Norte de Santander,Urbana,3,Oficial,43,Administración,No,0,0,1.91,No,Crédito educativo,18,17,3.48,94,86,0,0,No,No,,,,0.0703,No
EST-00157,1,17,Hombre,Bogotá D.C.,Urbana,2,Privado,58,Ingeniería Industrial,No,0,0,1.73,No,Recursos familiares,53,17,3.09,91.7,68,1,0,No,No,,,,0.1901,No
EST-00158,2,18,Mujer,Bogotá D.C.,Urbana,3,Privado,35,Ingeniería de Sistemas,No,0,0,1.73,No,Recursos familiares,65,18,3.06,96.1,75,0,0,Sí,No,16,16,100,0.129,No
EST-00159,1,17,Hombre,Valle del Cauca,Rural,2,Oficial,50,Administración,Sí,18,0,1.85,Sí,Beca / subsidio,12,18,3.31,100,67,1,0,No,No,,,,0.0916,No
EST-00160,1,21,Hombre,Otro,Urbana,2,Oficial,86,Contaduría,Sí,17,0,1.86,Sí,Recursos familiares,23,19,3.99,90.5,98,2,1,Sí,No,,,,0.1412,No
EST-00161,2,26,Hombre,Santander,Rural,3,Privado,5,Diseño,Sí,23,0,2.81,No,Mixto,114,18,2.66,76.6,70,0,0,No,No,14,14,100,0.2394,Sí
EST-00162,1,20,Mujer,Atlántico,Urbana,3,Oficial,51,Ingeniería Industrial,No,0,0,1.55,No,Mixto,54,16,3.54,86.2,72,0,0,No,No,,,,0.0813,No
EST-00163,1,19,Mujer,Quindío,Urbana,2,Privado,72,Administración,No,0,0,2.39,Sí,Mixto,46,17,3.97,88.1,78,0,0,No,Sí,,,,0.0557,No
EST-00164,1,18,Hombre,Antioquia,Urbana,3,Oficial,32,Diseño,No,0,0,2.42,Sí,Mixto,41,19,3.15,92.3,38,1,0,Sí,No,,,,0.2088,No
EST-00165,1,24,Mujer,Antioquia,Urbana,2,Privado,51,Comunicación,Sí,22,1,2.48,Sí,Beca / subsidio,42,16,3.53,95.1,76,0,0,No,No,,,,0.0744,No
EST-00166,1,20,Hombre,Córdoba,Urbana,3,Oficial,39,Negocios Internacionales,No,0,0,3.19,No,Crédito educativo,6,14,2.93,75.9,48,0,0,No,No,,,,0.1276,No
EST-00167,1,22,Mujer,Huila,Urbana,2,Privado,25,Contaduría,No,0,0,1.76,No,Crédito educativo,14,18,3.77,99,66,0,0,No,No,,,,0.1203,No
EST-00168,1,24,Mujer,Córdoba,Urbana,2,Oficial,66,Ingeniería Industrial,No,0,0,1.52,Sí,Beca / subsidio,51,16,2.84,83.5,64,1,0,No,No,,,,0.1039,No
EST-00169,2,24,Mujer,Antioquia,Urbana,3,Oficial,19,Diseño,Sí,11,0,3.17,No,Recursos familiares,44,15,3.29,95.1,51,0,0,No,No,18,18,100,0.0355,No
EST-00170,2,19,Mujer,Bogotá D.C.,Urbana,3,Oficial,3,Administración,No,0,0,2.89,No,Crédito educativo,59,16,3.41,89.9,50,0,0,No,No,18,18,100,0.0838,No
EST-00171,2,24,Mujer,Caldas,Rural,1,Oficial,64,Ingeniería de Sistemas,Sí,30,0,1.24,No,Beca / subsidio,84,16,2.78,77.5,70,0,0,Sí,No,18,18,100,0.6095,No
EST-00172,1,21,Hombre,Valle del Cauca,Urbana,2,Oficial,63,Administración,Sí,10,0,1.14,No,Crédito educativo,21,15,3.85,92.6,74,0,0,Sí,No,,,,0.1968,No
EST-00173,2,21,Hombre,Valle del Cauca,Urbana,1,Oficial,22,Ingeniería Industrial,No,0,0,0.66,No,Crédito educativo,33,19,3.11,91,78,0,1,Sí,No,18,16,88.9,0.3052,No
EST-00174,2,18,Hombre,Bogotá D.C.,Urbana,4,Privado,89,Administración,No,0,0,5.38,No,Crédito educativo,53,18,3.54,93.3,53,0,0,No,No,18,18,100,0.0453,No
EST-00175,1,17,Hombre,Santander,Urbana,3,Privado,66,Ingeniería de Sistemas,No,0,0,3.43,No,Mixto,33,16,3.21,80.2,87,2,0,No,Sí,,,,0.1366,No
EST-00176,1,20,Mujer,Valle del Cauca,Urbana,3,Oficial,77,Ingeniería Industrial,No,0,0,1.69,No,Recursos familiares,41,17,3.86,88.7,69,0,0,No,No,,,,0.0519,No
EST-00177,2,30,Mujer,Valle del Cauca,Urbana,5,Privado,33,Diseño,Sí,31,0,5.65,No,Recursos familiares,5,17,2.4,82.9,66,0,0,No,Sí,20,20,100,0.1881,Sí
EST-00178,2,19,Hombre,Meta,Urbana,1,Oficial,35,Administración,No,0,0,1.94,No,Crédito educativo,35,18,3.13,98.7,72,0,0,Sí,No,20,20,100,0.2449,Sí
EST-00179,1,19,Hombre,Bogotá D.C.,Rural,2,Oficial,49,Ingeniería de Sistemas,No,0,0,1.4,No,Beca / subsidio,49,18,2.7,81.9,62,1,0,No,No,,,,0.3152,No
EST-00180,1,17,Mujer,Norte de Santander,Rural,3,Privado,39,Enfermería,No,0,0,1.8,No,Recursos familiares,12,17,3.53,83.4,87,0,0,No,No,,,,0.0929,No
EST-00181,1,33,Mujer,Bolívar,Urbana,2,Privado,35,Psicología,No,0,1,1,No,Crédito educativo,37,17,3.14,100,67,0,0,No,No,,,,0.2367,No
EST-00182,2,17,Mujer,Santander,Urbana,1,Oficial,17,Comunicación,Sí,15,0,1.14,No,Mixto,46,17,3.83,97.3,68,0,0,No,No,14,13,92.9,0.1306,No
EST-00183,1,20,Mujer,Huila,Urbana,5,Privado,62,Contaduría,No,0,0,5.82,No,Recursos familiares,23,16,2.81,93.3,80,1,0,No,No,,,,0.1474,No
EST-00184,1,20,Mujer,Norte de Santander,Urbana,1,Oficial,64,Derecho,No,0,0,0.7,No,Crédito educativo,5,19,4.13,87.9,53,0,0,Sí,Sí,,,,0.1579,No
EST-00185,1,21,Hombre,Antioquia,Rural,2,Privado,78,Comunicación,Sí,9,0,4.93,No,Crédito educativo,85,14,3.53,93.3,61,0,0,No,No,,,,0.1677,No
EST-00186,1,19,Mujer,Santander,Urbana,4,Oficial,43,Derecho,No,0,0,3.36,Sí,Mixto,5,19,2.92,90.7,84,1,0,No,No,,,,0.1141,No
EST-00187,1,22,Hombre,Otro,Urbana,2,Oficial,28,Enfermería,No,0,0,1.54,No,Crédito educativo,49,20,3.06,85.8,60,0,0,No,No,,,,0.1316,No
EST-00188,2,17,Hombre,Quindío,Urbana,5,Oficial,74,Comunicación,No,0,0,6.58,Sí,Mixto,19,19,3.42,88.8,45,0,0,No,No,16,16,100,0.0684,No
EST-00189,2,20,Mujer,Bogotá D.C.,Urbana,3,Oficial,71,Psicología,No,0,0,1.84,Sí,Recursos familiares,81,14,3.99,93.6,64,0,0,No,No,16,16,100,0.0446,No
EST-00190,1,18,Mujer,Antioquia,Urbana,2,Oficial,34,Ingeniería Industrial,No,0,0,0.73,No,Mixto,23,15,4.05,93.1,67,0,0,No,Sí,,,,0.0696,No
EST-00191,1,19,Mujer,Boyacá,Rural,2,Oficial,22,Administración,No,0,0,1.72,No,Crédito educativo,107,19,2.67,86.6,53,1,0,Sí,No,,,,0.5582,No
EST-00192,1,22,Mujer,Córdoba,Urbana,2,Oficial,52,Administración,No,0,0,1.44,No,Recursos familiares,37,18,4.46,81.4,76,0,0,No,No,,,,0.0902,No
EST-00193,2,17,Mujer,Tolima,Urbana,2,Oficial,78,Administración,No,0,0,1.04,Sí,Mixto,35,18,3.23,85.2,81,0,0,No,No,18,18,100,0.01,No
EST-00194,2,20,Hombre,Meta,Urbana,2,Oficial,58,Ingeniería de Sistemas,No,0,0,1.51,No,Recursos familiares,66,20,4.43,98,69,0,0,No,No,20,20,100,0.0718,No
EST-00195,2,19,Hombre,Quindío,Urbana,2,Privado,66,Ingeniería de Sistemas,No,0,0,1.6,No,Crédito educativo,37,15,3.18,98.3,85,0,0,No,No,18,18,100,0.1139,No
EST-00196,1,19,Mujer,Bolívar,Urbana,2,Privado,28,Psicología,No,0,0,1.39,No,Mixto,32,19,2.83,83.3,82,0,0,Sí,No,,,,0.2407,Sí
EST-00197,1,20,Hombre,Bolívar,Urbana,3,Privado,39,Administración,No,0,0,3.73,No,Recursos familiares,56,15,3.05,100,53,0,0,No,No,,,,0.1087,No
EST-00198,2,18,Mujer,Santander,Urbana,3,Privado,54,Contaduría,No,0,0,2.01,No,Mixto,40,16,3.77,94.1,70,3,0,No,No,14,7,50,0.2151,No
EST-00199,1,21,Hombre,Córdoba,Urbana,3,Oficial,58,Psicología,No,0,0,3.16,No,Recursos familiares,52,15,3.92,93.3,82,1,0,No,No,,,,0.0741,No
EST-00200,2,19,Mujer,Valle del Cauca,Rural,3,Oficial,47,Contaduría,No,0,0,2.39,No,Recursos familiares,123,16,3.91,93.8,58,0,0,No,No,14,14,100,0.0726,No
EST-00201,1,20,Mujer,Norte de Santander,Urbana,4,Privado,60,Derecho,No,0,0,2.27,No,Mixto,72,19,3.09,87.5,73,0,0,No,No,,,,0.1081,Sí
EST-00202,2,19,Hombre,Norte de Santander,Urbana,1,Oficial,20,Negocios Internacionales,No,0,0,1.01,No,Beca / subsidio,35,16,2.89,90.4,87,0,0,No,No,18,18,100,0.0861,No
EST-00203,1,20,Mujer,Bogotá D.C.,Urbana,4,Privado,94,Enfermería,No,0,0,3.26,Sí,Mixto,49,19,4.34,88.3,76,0,0,No,No,,,,0.0517,No
EST-00204,2,20,Hombre,Risaralda,Urbana,5,Privado,21,Ingeniería Industrial,No,0,0,4.2,No,Recursos familiares,52,18,3.31,89,64,0,0,No,No,16,16,100,0.0787,No
EST-00205,1,19,Mujer,Bogotá D.C.,Urbana,2,Oficial,45,Ingeniería de Sistemas,No,0,0,1.32,Sí,Recursos familiares,44,20,3.46,91.3,97,1,0,No,No,,,,0.0401,No
EST-00206,2,26,Mujer,Risaralda,Rural,1,Oficial,31,Administración,No,0,1,0.84,No,Crédito educativo,66,15,3.57,97.5,70,0,0,Sí,No,18,17,94.4,0.2614,No
EST-00207,2,25,Hombre,Antioquia,Urbana,1,Privado,15,Ingeniería de Sistemas,Sí,18,0,0.99,No,Crédito educativo,43,17,2.72,85.1,74,0,0,No,No,16,15,93.8,0.2067,Sí
EST-00208,2,18,Mujer,Bogotá D.C.,Rural,1,Oficial,24,Negocios Internacionales,No,0,0,1.32,No,Crédito educativo,92,18,2.59,88.9,73,0,0,No,No,18,18,100,0.2478,No
EST-00209,2,19,Mujer,Bogotá D.C.,Urbana,2,Oficial,64,Administración,No,0,0,1.44,No,Crédito educativo,57,18,4.13,98.5,94,0,0,Sí,Sí,16,15,93.8,0.1042,No
EST-00210,2,20,Mujer,Bogotá D.C.,Urbana,2,Privado,48,Psicología,No,0,0,0.82,No,Crédito educativo,47,19,3.63,84.2,79,0,0,No,No,18,18,100,0.0726,No
EST-00211,1,19,Hombre,Córdoba,Urbana,1,Oficial,47,Diseño,No,0,0,0.7,No,Crédito educativo,66,16,3.44,87.6,57,0,0,No,No,,,,0.1357,No
EST-00212,2,19,Hombre,Bogotá D.C.,Urbana,4,Privado,62,Administración,No,0,0,5.27,Sí,Mixto,51,18,3.7,89.5,74,0,0,No,No,18,18,100,0.0272,No
EST-00213,1,21,Mujer,Magdalena,Urbana,2,Privado,52,Contaduría,No,0,0,2.44,No,Crédito educativo,31,19,3.12,78.4,53,0,0,Sí,No,,,,0.3504,No
EST-00214,1,21,Mujer,Santander,Urbana,3,Oficial,22,Negocios Internacionales,No,0,0,2.74,No,Mixto,29,18,3.44,88.3,85,0,0,Sí,No,,,,0.1214,Sí
EST-00215,2,19,Hombre,Magdalena,Urbana,3,Oficial,80,Derecho,No,0,0,3.12,No,Crédito educativo,56,16,3.78,85.7,79,0,0,No,No,18,18,100,0.0409,Sí
EST-00216,2,17,Mujer,Meta,Urbana,3,Privado,15,Contaduría,Sí,22,0,3.6,Sí,Beca / subsidio,60,16,2.89,100,73,0,0,Sí,No,18,18,100,0.1418,No
EST-00217,1,21,Hombre,Bogotá D.C.,Urbana,1,Oficial,52,Ingeniería de Sistemas,Sí,20,0,1.7,No,Recursos familiares,25,14,3.33,80.1,85,0,0,No,No,,,,0.1087,No
EST-00218,2,19,Mujer,Bogotá D.C.,Urbana,3,Oficial,22,Psicología,No,0,0,3.42,No,Recursos familiares,8,17,3.48,93.7,46,0,0,No,No,16,15,93.8,0.0464,No
EST-00219,1,20,Hombre,Bogotá D.C.,Urbana,2,Oficial,93,Derecho,No,0,0,0.73,Sí,Beca / subsidio,48,16,4.14,90.4,86,0,0,No,Sí,,,,0.0565,No
EST-00220,1,20,Mujer,Atlántico,Urbana,3,Privado,60,Enfermería,No,0,0,3.21,No,Recursos familiares,43,17,2.58,90.3,64,1,0,No,No,,,,0.1946,No
EST-00221,2,18,Hombre,Meta,Urbana,2,Oficial,47,Administración,No,0,0,1.09,Sí,Recursos familiares,50,16,3.42,100,86,0,0,No,No,16,16,100,0.01,No
EST-00222,1,26,Mujer,Meta,Urbana,2,Privado,44,Diseño,Sí,20,2,1.5,No,Crédito educativo,46,18,2.15,87.1,45,0,0,Sí,No,,,,0.5946,No
EST-00223,2,25,Hombre,Santander,Urbana,4,Privado,53,Negocios Internacionales,No,0,0,2.96,No,Crédito educativo,55,18,3.59,95.1,65,0,0,No,No,16,16,100,0.1038,No
EST-00224,1,20,Mujer,Bolívar,Urbana,3,Oficial,63,Ingeniería Industrial,Sí,17,0,2.3,No,Mixto,72,19,2.93,88.7,68,0,0,No,No,,,,0.1151,Sí
EST-00225,1,19,Hombre,Antioquia,Urbana,2,Oficial,35,Ingeniería Industrial,No,0,0,1.76,No,Crédito educativo,14,17,2.82,89.2,76,1,1,No,No,,,,0.2654,No
EST-00226,1,21,Mujer,Antioquia,Urbana,1,Oficial,73,Derecho,No,0,0,1.11,No,Crédito educativo,5,16,2.83,85.1,56,0,0,No,Sí,,,,0.1345,Sí
EST-00227,2,17,Hombre,Bogotá D.C.,Urbana,2,Oficial,67,Diseño,No,0,0,1.15,No,Crédito educativo,52,18,4.24,95.1,62,0,0,No,No,16,16,100,0.0618,No
EST-00228,1,22,Hombre,Antioquia,Urbana,1,Oficial,41,Enfermería,No,0,0,0.97,No,Crédito educativo,54,16,3.54,86.8,90,0,0,No,No,,,,0.0865,No
EST-00229,1,25,Hombre,Bolívar,Urbana,1,Oficial,64,Psicología,Sí,41,0,1.29,No,Mixto,22,20,3.1,84.1,43,0,1,No,No,,,,0.2785,No
EST-00230,1,20,Hombre,Bogotá D.C.,Urbana,4,Privado,22,Negocios Internacionales,No,0,0,3.29,No,Crédito educativo,15,16,3.04,87.7,76,0,0,No,No,,,,0.0974,No
EST-00231,1,25,Hombre,Antioquia,Urbana,3,Privado,41,Ingeniería de Sistemas,Sí,30,0,3.02,No,Recursos familiares,39,20,3.34,90.2,64,0,0,No,No,,,,0.1495,No
EST-00232,1,22,Mujer,Tolima,Urbana,2,Privado,93,Derecho,Sí,25,0,0.74,Sí,Recursos familiares,5,16,3.8,91.9,71,0,0,Sí,No,,,,0.1086,No
EST-00233,2,20,Mujer,Bogotá D.C.,Urbana,4,Oficial,3,Administración,No,0,0,4.41,No,Crédito educativo,85,16,3.33,89.3,69,0,0,Sí,No,16,16,100,0.0632,No
EST-00234,1,20,Hombre,Valle del Cauca,Urbana,3,Oficial,56,Derecho,No,0,0,3.84,No,Mixto,23,20,3.01,82.8,74,1,0,No,No,,,,0.1879,No
EST-00235,2,20,Hombre,Caldas,Urbana,3,Oficial,10,Ingeniería de Sistemas,No,0,0,2.94,No,Recursos familiares,28,18,3.36,86.3,44,0,0,No,No,20,20,100,0.0871,No
EST-00236,1,20,Mujer,Antioquia,Urbana,3,Oficial,45,Contaduría,No,0,0,3.02,Sí,Mixto,33,18,2.77,83.7,67,0,1,No,No,,,,0.1626,No
EST-00237,2,20,Mujer,Cundinamarca,Rural,1,Oficial,31,Administración,No,0,0,0.95,No,Recursos familiares,107,14,3.61,100,67,3,0,No,No,18,11,61.1,0.4004,Sí
EST-00238,2,23,Hombre,Antioquia,Urbana,2,Oficial,36,Ingeniería Industrial,No,0,0,1.49,No,Mixto,24,17,2.93,86,59,0,1,No,No,20,19,95,0.1408,No
EST-00239,2,18,Mujer,Córdoba,Urbana,3,Privado,41,Derecho,No,0,0,3.45,No,Recursos familiares,42,19,3.19,80.7,69,1,0,No,No,18,16,88.9,0.1501,Sí
EST-00240,1,17,Mujer,Norte de Santander,Rural,3,Privado,56,Derecho,No,0,0,3.03,No,Crédito educativo,12,18,3.33,83,51,0,0,Sí,No,,,,0.1654,Sí
EST-00241,1,19,Mujer,Norte de Santander,Urbana,2,Oficial,58,Enfermería,No,0,0,1.16,No,Crédito educativo,92,19,4.02,95.3,77,0,1,No,Sí,,,,0.1335,No
EST-00242,2,19,Mujer,Caldas,Rural,2,Oficial,27,Psicología,No,0,0,1.64,No,Crédito educativo,40,18,2.91,76.4,63,0,0,Sí,No,16,16,100,0.2817,No
EST-00243,2,19,Mujer,Valle del Cauca,Urbana,2,Oficial,3,Diseño,No,0,0,1.1,No,Beca / subsidio,23,20,2.82,100,44,0,0,No,No,16,16,100,0.0876,No
EST-00244,2,18,Hombre,Norte de Santander,Urbana,2,Oficial,23,Ingeniería de Sistemas,No,0,0,1.23,No,Crédito educativo,33,18,2.59,76.7,84,2,0,No,Sí,18,15,83.3,0.3125,Sí
EST-00245,1,19,Mujer,Boyacá,Urbana,3,Oficial,59,Ingeniería Industrial,No,0,0,3.57,No,Recursos familiares,35,18,3.76,95.6,80,0,0,No,No,,,,0.0855,No
EST-00246,2,19,Mujer,Risaralda,Urbana,2,Oficial,51,Derecho,No,0,0,1.49,No,Recursos familiares,40,18,3.12,96.5,97,2,0,No,No,18,14,77.8,0.1481,No
EST-00247,1,20,Hombre,Córdoba,Urbana,3,Oficial,53,Comunicación,No,0,0,1.85,No,Mixto,53,17,3.19,86.8,87,1,0,No,No,,,,0.1395,No
EST-00248,1,19,Mujer,Santander,Urbana,2,Privado,45,Ingeniería de Sistemas,Sí,33,0,1.21,No,Recursos familiares,72,18,2.75,87.2,49,1,1,Sí,No,,,,0.5852,Sí
EST-00249,2,34,Mujer,Santander,Urbana,1,Oficial,29,Derecho,No,0,0,0.79,No,Mixto,67,19,3.53,93.7,81,1,0,No,Sí,20,18,90,0.0896,No
EST-00250,2,24,Mujer,Antioquia,Urbana,2,Oficial,21,Derecho,Sí,21,0,2.14,No,Crédito educativo,41,20,3.22,86.5,81,0,0,No,No,20,20,100,0.0968,No
EST-00251,2,21,Hombre,Cundinamarca,Urbana,2,Oficial,62,Administración,No,0,0,1.94,Sí,Recursos familiares,55,17,3.09,92.7,70,1,0,No,No,20,18,90,0.0771,No
EST-00252,2,21,Hombre,Bogotá D.C.,Urbana,3,Oficial,42,Derecho,No,0,0,1.97,Sí,Mixto,64,16,3.64,86.2,80,0,0,No,No,18,18,100,0.0323,No
EST-00253,2,20,Mujer,Bogotá D.C.,Urbana,1,Oficial,45,Enfermería,No,0,0,1.02,Sí,Beca / subsidio,70,20,2.72,89.2,77,1,0,Sí,Sí,18,17,94.4,0.1608,No
EST-00254,1,18,Hombre,Bogotá D.C.,Urbana,3,Oficial,46,Ingeniería Industrial,No,0,0,2.32,No,Recursos familiares,8,17,3.42,97.7,100,2,0,No,Sí,,,,0.1004,No
EST-00255,2,17,Hombre,Bogotá D.C.,Urbana,3,Oficial,73,Contaduría,No,0,0,1.99,Sí,Mixto,41,16,3.69,87.3,77,0,0,No,No,18,18,100,0.0861,No
EST-00256,2,20,No binario / otro,Santander,Urbana,1,Oficial,65,Derecho,No,0,1,0.92,No,Crédito educativo,50,20,3.35,85.6,84,0,1,No,No,18,17,94.4,0.1295,No
EST-00257,1,20,Hombre,Valle del Cauca,Urbana,4,Privado,16,Derecho,No,0,0,4.05,No,Recursos familiares,5,16,3.08,88.6,57,0,0,No,No,,,,0.1085,No
EST-00258,1,19,Hombre,Antioquia,Urbana,3,Oficial,30,Psicología,No,0,0,2.98,No,Mixto,83,19,3.44,90.3,77,0,0,No,No,,,,0.0719,No
EST-00259,1,24,Mujer,Valle del Cauca,Urbana,3,Privado,42,Psicología,No,0,0,3.6,No,Recursos familiares,49,20,2.76,98.1,52,2,1,No,No,,,,0.3507,Sí
EST-00260,2,19,Hombre,Valle del Cauca,Rural,3,Oficial,3,Ingeniería de Sistemas,No,0,0,3.67,No,Crédito educativo,99,17,2.87,95.5,63,0,0,No,No,16,15,93.8,0.1364,No
EST-00261,2,18,Hombre,Quindío,Urbana,1,Oficial,29,Negocios Internacionales,No,0,0,0.96,No,Crédito educativo,23,18,3.22,91.9,72,0,0,No,No,18,17,94.4,0.0861,No
EST-00262,1,23,Hombre,Córdoba,Urbana,3,Oficial,35,Enfermería,Sí,38,0,2.56,No,Recursos familiares,13,15,3.04,86.8,56,0,0,No,Sí,,,,0.1271,Sí
EST-00263,1,20,Mujer,Santander,Urbana,2,Oficial,44,Ingeniería de Sistemas,No,0,0,1.6,No,Crédito educativo,44,20,3.67,95,99,0,0,No,No,,,,0.0983,No
EST-00264,1,16,Hombre,Quindío,Urbana,2,Oficial,47,Ingeniería Industrial,No,0,0,1.02,No,Mixto,18,19,3.04,86,65,2,0,No,Sí,,,,0.2299,No
EST-00265,2,23,Hombre,Bogotá D.C.,Urbana,3,Oficial,5,Diseño,Sí,12,0,2.77,No,Mixto,55,18,2.36,86.1,41,1,0,Sí,No,20,18,90,0.2656,Sí
EST-00266,2,21,Hombre,Valle del Cauca,Urbana,2,Oficial,55,Psicología,No,0,0,1.55,Sí,Beca / subsidio,19,16,3.25,93.7,69,0,0,No,No,18,18,100,0.0407,No
EST-00267,1,19,Hombre,Bogotá D.C.,Urbana,1,Oficial,41,Ingeniería de Sistemas,No,0,0,0.95,No,Recursos familiares,46,15,2.82,83.3,36,2,0,No,No,,,,0.3149,No
EST-00268,2,19,Mujer,Antioquia,Urbana,6,Oficial,52,Diseño,No,0,0,11.28,Sí,Beca / subsidio,81,16,3.46,85.8,74,0,0,No,No,20,20,100,0.06,No
EST-00269,2,20,Mujer,Bolívar,Rural,2,Oficial,19,Derecho,No,0,0,1.34,No,Crédito educativo,73,17,3.41,97.8,83,1,0,Sí,No,18,16,88.9,0.2799,Sí
EST-00270,2,19,Mujer,Otro,Urbana,1,Oficial,56,Contaduría,Sí,37,0,1.63,No,Crédito educativo,58,18,3.05,72,55,1,0,No,No,20,19,95,0.3705,No
EST-00271,2,21,Mujer,Valle del Cauca,Rural,2,Oficial,31,Administración,Sí,4,0,0.91,Sí,Mixto,41,16,3.48,90.7,81,0,0,No,No,20,19,95,0.0741,No
EST-00272,2,17,Mujer,Atlántico,Urbana,2,Oficial,40,Enfermería,No,0,0,1.6,No,Recursos familiares,5,19,3.41,78.6,88,0,0,No,No,18,17,94.4,0.0977,No
EST-00273,1,21,Mujer,Antioquia,Rural,1,Oficial,43,Psicología,No,0,0,1.18,No,Recursos familiares,70,18,3.8,87.4,85,0,0,Sí,No,,,,0.1965,No
EST-00274,1,26,Mujer,Cundinamarca,Urbana,2,Oficial,33,Derecho,Sí,14,0,1.3,No,Beca / subsidio,13,15,3.63,92.2,62,0,0,Sí,No,,,,0.1887,No
EST-00275,1,23,Hombre,Quindío,Urbana,1,Oficial,51,Negocios Internacionales,Sí,10,0,1.2,No,Crédito educativo,80,18,3.23,85.5,85,0,0,No,No,,,,0.112,No
EST-00276,1,17,Mujer,Risaralda,Urbana,2,Privado,9,Ingeniería de Sistemas,No,0,0,1.66,No,Crédito educativo,51,18,2.86,89.9,70,0,1,Sí,No,,,,0.3754,No
EST-00277,1,19,Hombre,Bolívar,Urbana,3,Oficial,46,Ingeniería de Sistemas,No,0,0,1.76,No,Mixto,49,16,2.9,77.6,54,0,0,No,No,,,,0.111,Sí
EST-00278,2,25,Mujer,Bogotá D.C.,Urbana,1,Oficial,40,Ingeniería de Sistemas,Sí,25,1,0.45,Sí,Beca / subsidio,63,17,3.01,78.6,73,1,0,No,No,18,16,88.9,0.3149,No
EST-00279,1,18,Hombre,Meta,Rural,1,Oficial,51,Comunicación,No,0,0,0.72,No,Recursos familiares,43,20,3.74,84.6,83,2,1,Sí,Sí,,,,0.3443,No
EST-00280,1,20,Mujer,Risaralda,Urbana,2,Oficial,22,Psicología,No,0,0,1.02,No,Mixto,10,18,3.26,90.7,73,0,0,No,No,,,,0.089,No
EST-00281,1,22,Hombre,Córdoba,Rural,2,Privado,27,Psicología,No,0,0,1.96,No,Crédito educativo,78,20,3.26,97,70,0,0,No,No,,,,0.104,No
EST-00282,2,19,Hombre,Antioquia,Urbana,5,Privado,61,Ingeniería de Sistemas,No,0,0,7.91,No,Crédito educativo,65,20,3.48,98.1,53,0,0,No,No,14,14,100,0.0402,No
EST-00283,1,19,Mujer,Cundinamarca,Urbana,2,Oficial,60,Ingeniería Industrial,Sí,14,0,1.18,No,Recursos familiares,62,16,3.93,92.6,85,1,0,Sí,No,,,,0.1852,No
EST-00284,1,22,Mujer,Antioquia,Urbana,4,Privado,56,Contaduría,Sí,4,0,4.29,No,Crédito educativo,35,18,3.95,93.3,68,3,0,No,No,,,,0.1403,No
EST-00285,2,20,Mujer,Risaralda,Rural,2,Oficial,30,Ingeniería Industrial,Sí,19,0,0.97,No,Crédito educativo,101,18,3.18,83.6,69,0,0,No,No,18,18,100,0.1858,No
EST-00286,1,20,Mujer,Bogotá D.C.,Urbana,5,Oficial,65,Diseño,No,0,0,5.17,No,Recursos familiares,52,15,3.67,100,73,0,0,No,No,,,,0.0552,No
EST-00287,1,20,Mujer,Caldas,Rural,2,Privado,23,Ingeniería de Sistemas,No,0,0,1.72,No,Crédito educativo,39,18,3.67,88.2,75,0,0,No,No,,,,0.1246,Sí
EST-00288,2,19,Mujer,Magdalena,Urbana,3,Privado,55,Administración,No,0,0,3.48,Sí,Crédito educativo,42,19,2.81,100,79,0,0,No,Sí,18,18,100,0.025,No
EST-00289,1,21,Hombre,Quindío,Urbana,1,Oficial,40,Diseño,No,0,0,1.46,Sí,Mixto,43,17,3.32,91.2,64,0,0,No,No,,,,0.0796,No
EST-00290,1,19,Hombre,Bolívar,Urbana,3,Oficial,61,Comunicación,No,0,0,1.98,No,Recursos familiares,80,18,3.15,90.8,73,0,0,No,No,,,,0.1243,No
EST-00291,2,20,Hombre,Antioquia,Rural,2,Oficial,64,Diseño,No,0,0,1.18,Sí,Mixto,32,16,2.9,86.4,54,0,0,Sí,No,18,18,100,0.0824,No
EST-00292,1,18,Mujer,Bogotá D.C.,Urbana,3,Privado,36,Enfermería,Sí,12,0,2.67,No,Mixto,27,18,3.99,92,90,0,0,No,No,,,,0.0204,No
EST-00293,1,22,Hombre,Cundinamarca,Urbana,3,Oficial,31,Contaduría,No,0,0,3.51,Sí,Recursos familiares,38,16,3.85,94.9,78,0,0,No,No,,,,0.0646,No
EST-00294,2,26,Mujer,Otro,Urbana,4,Privado,54,Ingeniería de Sistemas,Sí,42,0,4.58,No,Crédito educativo,34,18,3.54,81.8,90,2,2,No,Sí,18,11,61.1,0.3613,No
EST-00295,1,19,Mujer,Nariño,Urbana,3,Oficial,34,Ingeniería Industrial,No,0,0,2.96,Sí,Beca / subsidio,54,16,3.82,98,64,0,0,No,No,,,,0.0529,No
EST-00296,1,18,Hombre,Nariño,Urbana,2,Privado,24,Administración,No,0,0,1.38,No,Recursos familiares,29,14,2.51,71.9,63,0,0,No,No,,,,0.2934,No
EST-00297,2,18,Hombre,Tolima,Urbana,3,Oficial,24,Enfermería,No,0,0,2.01,No,Beca / subsidio,61,16,2.62,93.9,61,1,0,No,No,18,15,83.3,0.2075,No
EST-00298,1,21,Mujer,Boyacá,Urbana,3,Oficial,36,Ingeniería Industrial,Sí,40,0,2,Sí,Mixto,15,16,3.11,98.8,41,0,0,No,No,,,,0.1255,No
EST-00299,2,21,Mujer,Valle del Cauca,Rural,3,Privado,23,Ingeniería de Sistemas,No,0,0,1.87,No,Mixto,42,17,4.01,100,100,0,0,No,No,18,18,100,0.0353,No
EST-00300,1,19,Mujer,Bogotá D.C.,Urbana,2,Oficial,65,Psicología,No,0,0,1.5,No,Crédito educativo,94,20,4.18,98.9,84,0,0,Sí,No,,,,0.1642,No
EST-00301,1,18,Hombre,Bogotá D.C.,Urbana,2,Oficial,32,Derecho,No,0,0,2.14,Sí,Recursos familiares,17,17,3.73,95.3,68,0,0,No,Sí,,,,0.0649,No
EST-00302,1,19,Hombre,Antioquia,Urbana,2,Oficial,44,Enfermería,Sí,10,0,2.45,No,Crédito educativo,32,16,3.1,96.6,66,0,0,No,No,,,,0.1468,Sí
EST-00303,2,21,Mujer,Antioquia,Rural,1,Oficial,36,Negocios Internacionales,No,0,0,0.53,No,Crédito educativo,26,15,3.02,89.5,55,0,0,No,No,20,20,100,0.1051,No
EST-00304,1,24,Mujer,Norte de Santander,Urbana,1,Oficial,79,Ingeniería Industrial,No,0,0,0.8,Sí,Recursos familiares,41,19,3.48,88.1,63,0,0,No,No,,,,0.0497,No
EST-00305,1,20,Hombre,Risaralda,Rural,1,Oficial,13,Diseño,No,0,0,1.39,Sí,Beca / subsidio,89,15,2.61,87.9,50,2,0,Sí,No,,,,0.4101,No
EST-00306,2,20,Hombre,Risaralda,Urbana,1,Oficial,50,Enfermería,No,0,0,1.71,No,Recursos familiares,22,18,3.63,100,62,2,2,No,No,20,14,70,0.1887,No
EST-00307,1,21,Hombre,Bolívar,Urbana,3,Oficial,50,Enfermería,No,0,0,0.81,No,Beca / subsidio,62,18,3.6,94.1,74,0,0,No,No,,,,0.094,No
EST-00308,1,19,Hombre,Cundinamarca,Urbana,1,Oficial,73,Ingeniería de Sistemas,No,0,0,0.68,No,Recursos familiares,46,16,3.77,93.4,82,0,0,No,No,,,,0.0459,No
EST-00309,1,23,Mujer,Bogotá D.C.,Urbana,2,Privado,67,Ingeniería de Sistemas,No,0,2,1.37,No,Beca / subsidio,17,18,3.54,80.4,87,0,0,No,Sí,,,,0.1148,No
EST-00310,2,36,Mujer,Risaralda,Urbana,2,Oficial,44,Administración,Sí,42,0,0.81,No,Recursos familiares,45,19,2.88,81.9,56,0,0,Sí,No,18,17,94.4,0.3088,No
EST-00311,2,33,Hombre,Bolívar,Urbana,2,Oficial,24,Psicología,Sí,35,1,1.71,No,Recursos familiares,47,19,2.73,72.1,22,0,3,Sí,No,20,17,85,0.82,Sí
EST-00312,1,31,Mujer,Valle del Cauca,Urbana,2,Oficial,49,Enfermería,No,0,0,2.1,Sí,Crédito educativo,51,16,3.03,93.2,81,0,0,No,No,,,,0.0805,No
EST-00313,2,19,Mujer,Nariño,Urbana,3,Oficial,40,Diseño,No,0,0,2.03,No,Recursos familiares,54,16,2.97,78.9,71,0,0,No,Sí,18,17,94.4,0.1313,No
EST-00314,1,24,Hombre,Antioquia,Urbana,2,Oficial,54,Ingeniería Industrial,Sí,17,0,1.58,No,Crédito educativo,32,18,3.83,100,76,1,0,Sí,No,,,,0.2848,No
EST-00315,2,27,Mujer,Magdalena,Rural,2,Privado,60,Contaduría,No,0,0,0.94,No,Crédito educativo,51,18,2.73,86.8,68,4,2,Sí,Sí,16,6,37.5,0.82,Sí
EST-00316,1,18,Hombre,Boyacá,Urbana,2,Oficial,67,Ingeniería de Sistemas,No,0,0,2.23,No,Crédito educativo,54,16,3.41,90.9,73,4,1,No,No,,,,0.3644,No
EST-00317,2,18,Mujer,Antioquia,Urbana,2,Privado,38,Enfermería,No,0,0,1.78,No,Crédito educativo,39,18,2.92,98.1,71,0,0,No,No,20,20,100,0.1189,No
EST-00318,1,21,Hombre,Otro,Urbana,2,Privado,41,Administración,No,0,0,1.08,Sí,Mixto,59,18,3.91,88.6,82,0,0,No,No,,,,0.0346,No
EST-00319,2,17,Mujer,Atlántico,Urbana,4,Oficial,64,Contaduría,No,0,0,5.39,No,Beca / subsidio,72,20,3.69,99.3,92,0,0,No,No,16,16,100,0.0821,No
EST-00320,1,19,Hombre,Antioquia,Urbana,4,Oficial,28,Ingeniería de Sistemas,Sí,4,0,5.49,Sí,Mixto,46,18,4.07,91.6,83,0,0,No,No,,,,0.0521,No
EST-00321,2,19,Hombre,Cundinamarca,Urbana,2,Privado,98,Diseño,No,0,0,0.99,No,Crédito educativo,21,20,3.8,93.2,67,0,0,Sí,No,18,18,100,0.1395,No
EST-00322,2,20,Mujer,Nariño,Urbana,5,Privado,52,Negocios Internacionales,Sí,22,0,6.7,Sí,Beca / subsidio,9,19,2.89,88.9,82,0,0,No,Sí,18,18,100,0.0444,No
EST-00323,1,22,Mujer,Atlántico,Urbana,1,Oficial,47,Administración,Sí,16,1,0.73,Sí,Recursos familiares,11,16,3.28,80.3,81,0,0,No,No,,,,0.0567,No
EST-00324,1,19,Hombre,Huila,Urbana,4,Oficial,56,Contaduría,No,0,0,2.54,No,Recursos familiares,40,18,3.5,91.8,63,0,0,No,No,,,,0.066,Sí
EST-00325,2,17,Hombre,Cundinamarca,Urbana,3,Oficial,63,Ingeniería de Sistemas,No,0,0,2.28,No,Recursos familiares,90,18,3.31,86.3,75,0,0,No,No,18,17,94.4,0.0667,No
EST-00326,2,26,Hombre,Valle del Cauca,Urbana,2,Privado,71,Psicología,No,0,1,1.52,No,Crédito educativo,65,18,4.22,89.3,93,0,0,No,No,18,18,100,0.1257,No
EST-00327,2,19,Mujer,Bogotá D.C.,Urbana,2,Oficial,53,Negocios Internacionales,No,0,0,2.31,Sí,Mixto,62,16,3.51,85.3,76,0,0,No,No,18,18,100,0.0519,No
EST-00328,2,20,Mujer,Córdoba,Rural,3,Oficial,26,Contaduría,No,0,0,2.31,Sí,Recursos familiares,88,18,2.93,77.9,53,0,0,No,No,16,16,100,0.1134,No
EST-00329,1,19,Hombre,Antioquia,Urbana,5,Oficial,83,Administración,No,0,0,7.13,Sí,Mixto,57,15,3.07,90.3,62,0,0,No,No,,,,0.0627,No
EST-00330,2,33,Mujer,Boyacá,Urbana,3,Privado,96,Negocios Internacionales,Sí,35,2,3.55,Sí,Beca / subsidio,57,18,3.71,79.5,92,0,1,No,No,16,16,100,0.2284,Sí
EST-00331,1,21,Hombre,Antioquia,Urbana,3,Oficial,63,Contaduría,Sí,8,0,1.91,No,Beca / subsidio,32,16,3.58,90.1,59,0,0,No,No,,,,0.0921,No
EST-00332,1,18,Hombre,Bogotá D.C.,Urbana,6,Privado,28,Ingeniería de Sistemas,Sí,11,0,8.34,No,Mixto,16,20,3.16,92.3,77,0,0,No,No,,,,0.1073,No
EST-00333,1,19,Hombre,Bogotá D.C.,Urbana,2,Oficial,47,Enfermería,No,0,0,1.53,No,Crédito educativo,54,19,3,87.3,54,0,0,Sí,No,,,,0.301,Sí
EST-00334,2,22,Mujer,Valle del Cauca,Urbana,2,Privado,85,Diseño,No,0,0,1.82,Sí,Recursos familiares,46,18,4.43,98.6,100,2,0,Sí,No,18,14,77.8,0.109,No
EST-00335,2,18,Mujer,Córdoba,Urbana,2,Oficial,28,Ingeniería de Sistemas,No,0,0,0.84,No,Recursos familiares,5,18,3.41,89.6,79,0,0,Sí,No,18,18,100,0.1312,Sí
EST-00336,1,25,Mujer,Atlántico,Urbana,1,Oficial,44,Derecho,Sí,4,2,1.01,No,Crédito educativo,23,16,3.39,87.3,56,0,0,Sí,No,,,,0.3492,No
EST-00337,2,20,Hombre,Valle del Cauca,Urbana,1,Privado,65,Enfermería,Sí,21,0,1,Sí,Mixto,30,18,3.79,100,84,0,0,No,No,16,15,93.8,0.0518,No
EST-00338,2,19,Hombre,Antioquia,Rural,2,Privado,14,Administración,No,0,0,1.38,No,Recursos familiares,53,18,3.96,92.5,67,0,0,No,No,20,20,100,0.0962,No
EST-00339,1,18,Hombre,Tolima,Rural,1,Oficial,17,Administración,No,0,0,1.09,Sí,Beca / subsidio,70,18,3.28,90.5,84,0,0,Sí,No,,,,0.0855,No
EST-00340,1,19,Mujer,Meta,Urbana,3,Privado,55,Administración,No,0,0,4.92,No,Crédito educativo,74,19,3.6,77.9,90,0,0,No,No,,,,0.1481,Sí
EST-00341,1,19,Hombre,Norte de Santander,Urbana,3,Oficial,52,Psicología,No,0,0,2.35,No,Crédito educativo,76,17,3.25,83.9,70,0,0,No,No,,,,0.0928,No
EST-00342,1,19,Mujer,Boyacá,Urbana,1,Oficial,45,Psicología,Sí,18,0,0.65,No,Crédito educativo,12,19,3.76,80.5,87,1,0,Sí,No,,,,0.3655,Sí
EST-00343,1,20,Mujer,Quindío,Rural,2,Oficial,41,Ingeniería de Sistemas,Sí,16,0,1.45,No,Crédito educativo,38,18,2.97,95.7,65,1,0,No,No,,,,0.2477,No
EST-00344,2,21,Mujer,Valle del Cauca,Rural,3,Oficial,41,Contaduría,Sí,16,0,1.14,Sí,Mixto,120,18,3.5,89.5,70,0,0,No,No,16,16,100,0.0747,No
EST-00345,1,17,Hombre,Bolívar,Urbana,4,Oficial,44,Enfermería,No,0,0,2.63,No,Recursos familiares,11,17,2.42,91.3,55,4,0,No,No,,,,0.4394,Sí
EST-00346,1,19,Mujer,Norte de Santander,Urbana,4,Privado,68,Ingeniería de Sistemas,No,0,0,2.81,No,Crédito educativo,50,17,3.57,86.1,87,2,0,No,No,,,,0.1493,No
EST-00347,1,19,Mujer,Córdoba,Urbana,3,Oficial,35,Ingeniería de Sistemas,No,0,0,2.05,Sí,Beca / subsidio,98,20,3.4,82.7,59,0,0,No,No,,,,0.0939,No
EST-00348,1,23,Hombre,Bolívar,Rural,1,Oficial,32,Derecho,No,0,0,1.21,No,Crédito educativo,119,17,3.24,82.4,74,0,0,No,No,,,,0.2016,No
EST-00349,2,24,Mujer,Atlántico,Urbana,3,Privado,59,Derecho,No,0,0,2.04,Sí,Mixto,33,17,3.61,95.6,100,1,0,No,No,18,16,88.9,0.0655,No
EST-00350,2,20,Mujer,Atlántico,Urbana,2,Oficial,38,Ingeniería de Sistemas,No,0,0,1.22,No,Crédito educativo,54,18,3.51,80.5,99,0,0,No,No,16,16,100,0.0887,Sí
EST-00351,1,20,Hombre,Otro,Rural,2,Privado,42,Ingeniería Industrial,No,0,0,2.75,Sí,Beca / subsidio,78,17,2.56,74.7,80,0,0,No,No,,,,0.1907,No
EST-00352,2,18,Mujer,Santander,Urbana,3,Oficial,95,Negocios Internacionales,No,0,0,2.22,No,Crédito educativo,31,19,3.58,97,70,2,0,No,No,20,16,80,0.1702,Sí
EST-00353,2,20,Hombre,Atlántico,Rural,1,Oficial,39,Psicología,No,0,0,1.16,No,Crédito educativo,40,19,3.71,100,84,0,0,Sí,No,18,18,100,0.181,No
EST-00354,1,20,Mujer,Cauca,Urbana,4,Privado,45,Enfermería,No,0,0,4.24,No,Recursos familiares,57,17,3.53,94.1,65,0,0,No,No,,,,0.073,No
EST-00355,2,17,Hombre,Boyacá,Urbana,2,Oficial,63,Psicología,Sí,16,0,1.45,No,Beca / subsidio,35,20,3.18,81.1,61,1,0,No,No,16,14,87.5,0.2101,No
EST-00356,2,21,Hombre,Bogotá D.C.,Urbana,2,Privado,60,Enfermería,Sí,34,0,0.98,No,Crédito educativo,32,18,3.28,88.6,65,1,0,No,No,16,14,87.5,0.2005,No
EST-00357,2,21,Mujer,Otro,Urbana,2,Oficial,60,Psicología,No,0,0,0.93,No,Recursos familiares,89,19,3.69,96.8,72,0,0,No,No,18,18,100,0.1026,No
EST-00358,2,20,Hombre,Quindío,Urbana,2,Oficial,50,Diseño,No,0,0,0.63,No,Recursos familiares,5,15,2.88,93.7,67,2,0,No,No,16,11,68.8,0.2755,No
EST-00359,2,20,Mujer,Quindío,Urbana,4,Privado,80,Negocios Internacionales,No,0,0,4.12,No,Recursos familiares,14,17,3.31,97.6,78,1,0,No,No,18,16,88.9,0.0677,No
EST-00360,2,18,Mujer,Antioquia,Rural,3,Oficial,31,Contaduría,Sí,25,0,2.34,No,Crédito educativo,91,20,2.99,78.9,73,0,0,No,No,18,18,100,0.3215,No
EST-00361,1,20,Mujer,Antioquia,Urbana,3,Privado,31,Ingeniería de Sistemas,No,0,0,3.31,Sí,Beca / subsidio,42,16,3.08,93.7,61,0,0,No,No,,,,0.0656,No
EST-00362,1,20,Hombre,Bolívar,Urbana,2,Oficial,32,Enfermería,No,0,0,2.49,No,Crédito educativo,5,20,2.61,100,32,0,0,No,No,,,,0.2535,No
EST-00363,2,19,Mujer,Risaralda,Urbana,1,Oficial,51,Enfermería,No,0,0,0.9,No,Crédito educativo,36,18,3.66,97.8,66,1,1,No,No,16,13,81.2,0.1609,No
EST-00364,2,19,Mujer,Valle del Cauca,Urbana,4,Privado,66,Comunicación,No,0,0,2.8,No,Recursos familiares,30,17,4.27,93.1,67,0,0,No,No,18,18,100,0.0797,No
EST-00365,1,18,Hombre,Valle del Cauca,Urbana,2,Oficial,55,Contaduría,Sí,19,0,2.8,No,Recursos familiares,42,16,2.91,80.4,76,1,0,No,Sí,,,,0.1978,No
EST-00366,1,22,Hombre,Bogotá D.C.,Urbana,1,Oficial,73,Administración,Sí,11,0,1.09,No,Recursos familiares,28,16,3.18,82.5,100,0,0,No,No,,,,0.1347,No
EST-00367,1,23,Hombre,Cundinamarca,Urbana,3,Oficial,54,Psicología,No,0,0,2.21,No,Mixto,27,17,4.21,98.2,78,0,0,No,No,,,,0.0534,No
EST-00368,2,20,Mujer,Tolima,Urbana,2,Oficial,74,Comunicación,Sí,12,0,1.34,Sí,Mixto,39,18,3.71,89.1,56,0,0,Sí,No,16,15,93.8,0.07,No
EST-00369,1,22,Mujer,Tolima,Urbana,5,Privado,70,Enfermería,Sí,29,0,6.51,No,Beca / subsidio,52,17,3.26,96.6,58,0,0,No,No,,,,0.0804,No
EST-00370,2,18,Mujer,Bolívar,Urbana,2,Privado,48,Negocios Internacionales,No,0,0,1.71,Sí,Recursos familiares,52,16,3.11,82.8,59,1,0,No,Sí,18,17,94.4,0.0883,No
EST-00371,2,18,Hombre,Tolima,Urbana,3,Privado,50,Contaduría,No,0,0,1.67,Sí,Beca / subsidio,42,16,2.84,82.7,66,2,0,No,Sí,20,15,75,0.1311,No
EST-00372,2,20,Hombre,Boyacá,Urbana,2,Oficial,81,Psicología,Sí,18,0,2.47,No,Crédito educativo,36,16,3.32,87.3,82,0,0,No,No,18,17,94.4,0.0657,No
EST-00373,2,18,Mujer,Antioquia,Urbana,2,Privado,63,Administración,No,0,0,2.29,No,Crédito educativo,34,18,3.69,85.5,89,0,0,No,No,18,18,100,0.0828,No
EST-00374,1,27,Mujer,Risaralda,Urbana,2,Privado,11,Negocios Internacionales,Sí,28,0,2.24,No,Crédito educativo,15,20,2.56,85.8,52,0,0,No,No,,,,0.3134,No
EST-00375,2,18,Mujer,Cundinamarca,Rural,3,Oficial,38,Enfermería,No,0,0,1.78,No,Crédito educativo,25,20,3.2,78.5,71,1,0,No,Sí,20,18,90,0.1093,No
EST-00376,2,20,Hombre,Otro,Urbana,4,Oficial,54,Psicología,No,0,0,1.94,No,Recursos familiares,12,19,3.23,97,84,0,0,No,No,18,17,94.4,0.0639,No
EST-00377,2,19,Hombre,Atlántico,Urbana,2,Oficial,25,Psicología,Sí,4,0,1.32,Sí,Recursos familiares,34,16,2.65,88.5,76,0,0,No,No,16,16,100,0.0878,No
EST-00378,1,23,Mujer,Cundinamarca,Urbana,1,Oficial,65,Psicología,Sí,18,0,1.34,No,Crédito educativo,20,20,3.6,91.7,59,0,0,Sí,No,,,,0.2265,Sí
EST-00379,2,23,Mujer,Caldas,Urbana,3,Oficial,44,Ingeniería de Sistemas,Sí,26,0,2.09,No,Crédito educativo,59,17,3.28,83.7,82,0,2,No,No,16,15,93.8,0.1456,No
EST-00380,1,22,Mujer,Caldas,Urbana,4,Privado,52,Psicología,Sí,33,1,2.9,No,Recursos familiares,52,18,3.39,70.2,75,0,0,No,No,,,,0.2167,No
EST-00381,1,18,Mujer,Valle del Cauca,Urbana,4,Privado,65,Comunicación,No,0,0,3.57,Sí,Mixto,54,17,3.27,91.9,62,0,0,No,No,,,,0.0792,No
EST-00382,1,21,Mujer,Antioquia,Rural,1,Oficial,50,Negocios Internacionales,Sí,8,0,0.78,No,Mixto,55,16,3.89,92.5,100,1,0,Sí,Sí,,,,0.2104,Sí
EST-00383,2,19,Hombre,Bogotá D.C.,Urbana,1,Oficial,60,Derecho,Sí,27,0,0.94,No,Crédito educativo,64,15,3.11,90.5,55,0,0,Sí,No,20,20,100,0.2965,No
EST-00384,1,18,Mujer,Risaralda,Urbana,1,Oficial,44,Administración,No,0,0,1.2,Sí,Recursos familiares,56,16,4.05,87.6,79,0,0,Sí,Sí,,,,0.0758,No
EST-00385,1,19,Mujer,Atlántico,Urbana,2,Oficial,31,Contaduría,No,0,0,0.96,No,Recursos familiares,66,15,3.02,76,60,0,0,No,No,,,,0.161,No
EST-00386,2,19,Mujer,Cesar,Urbana,2,Privado,40,Negocios Internacionales,Sí,22,0,1.98,Sí,Mixto,59,16,4.1,85.2,91,0,0,No,No,14,14,100,0.0367,No
EST-00387,1,18,Hombre,Antioquia,Urbana,3,Oficial,17,Administración,No,0,0,2.89,No,Recursos familiares,49,20,3.24,88.4,58,0,0,No,No,,,,0.0994,Sí
EST-00388,1,16,Hombre,Bogotá D.C.,Urbana,3,Privado,69,Psicología,No,0,0,2.24,No,Crédito educativo,23,15,2.96,84.8,84,0,0,No,No,,,,0.1219,No
EST-00389,2,24,Mujer,Bogotá D.C.,Urbana,3,Oficial,52,Negocios Internacionales,No,0,1,2.01,Sí,Beca / subsidio,87,18,2.76,84.5,73,1,0,Sí,No,18,16,88.9,0.2485,Sí
EST-00390,1,26,Hombre,Quindío,Urbana,3,Oficial,6,Enfermería,Sí,23,0,1.91,No,Recursos familiares,52,16,3.59,77.8,83,0,0,No,No,,,,0.0997,No
EST-00391,1,21,Hombre,Antioquia,Urbana,4,Privado,68,Administración,No,0,0,2.46,No,Recursos familiares,47,17,3.42,76.1,65,0,0,No,No,,,,0.0966,No
EST-00392,2,18,Mujer,Cesar,Urbana,3,Privado,81,Ingeniería Industrial,No,0,0,1.98,No,Crédito educativo,5,16,3.62,93.3,89,1,0,No,Sí,18,16,88.9,0.1005,No
EST-00393,1,18,Mujer,Valle del Cauca,Urbana,1,Oficial,53,Derecho,No,0,0,0.49,No,Mixto,42,18,4.1,100,61,0,0,Sí,No,,,,0.1606,No
EST-00394,2,21,Hombre,Cesar,Urbana,3,Oficial,81,Ingeniería de Sistemas,No,0,0,2.6,No,Recursos familiares,58,19,3.56,84.9,79,0,0,No,No,20,20,100,0.0692,No
EST-00395,2,20,Hombre,Atlántico,Urbana,3,Privado,48,Diseño,No,0,0,2.61,No,Recursos familiares,66,19,2.45,94.1,57,2,0,No,No,18,14,77.8,0.2172,No
EST-00396,2,30,Mujer,Cauca,Rural,1,Oficial,56,Diseño,Sí,37,0,1.09,No,Crédito educativo,82,16,2.89,78.9,61,2,0,No,No,18,13,72.2,0.5827,No
EST-00397,2,18,Hombre,Córdoba,Urbana,4,Privado,90,Administración,No,0,0,5.61,No,Mixto,18,18,4.09,93.8,70,0,0,No,No,18,18,100,0.0461,No
EST-00398,1,21,Hombre,Caldas,Urbana,1,Oficial,35,Enfermería,Sí,15,0,1.35,No,Recursos familiares,40,17,3.3,97.3,73,0,0,No,No,,,,0.1095,No
EST-00399,2,18,Mujer,Antioquia,Urbana,2,Oficial,81,Contaduría,No,0,0,1.68,No,Mixto,34,16,3.81,87.4,55,0,0,No,Sí,20,20,100,0.0631,No
EST-00400,2,21,Mujer,Bogotá D.C.,Urbana,4,Privado,52,Contaduría,No,0,0,3.2,No,Mixto,56,14,3.76,80.1,89,0,0,No,Sí,18,18,100,0.0656,No
EST-00401,2,21,Mujer,Otro,Urbana,1,Oficial,25,Diseño,No,0,0,0.93,No,Crédito educativo,54,17,3.44,93.5,75,0,0,No,No,18,18,100,0.084,No
EST-00402,1,27,Hombre,Otro,Urbana,2,Oficial,77,Diseño,Sí,33,0,1.84,Sí,Crédito educativo,50,14,4,83.8,54,0,0,No,No,,,,0.0951,No
EST-00403,1,20,Mujer,Bolívar,Urbana,3,Privado,58,Psicología,No,0,0,2.06,No,Recursos familiares,62,16,3.78,92.8,77,0,0,No,No,,,,0.0974,No
EST-00404,2,22,Hombre,Nariño,Urbana,2,Oficial,79,Psicología,Sí,16,0,2.03,Sí,Beca / subsidio,76,17,3.34,89.5,73,0,0,No,No,16,16,100,0.0507,No
EST-00405,1,17,Hombre,Antioquia,Urbana,3,Oficial,43,Diseño,No,0,0,2.01,No,Crédito educativo,51,18,2.96,80.2,79,2,0,No,No,,,,0.313,No
EST-00406,1,19,Hombre,Caldas,Urbana,2,Privado,66,Derecho,Sí,13,0,1.57,No,Crédito educativo,26,18,3.68,85.2,73,0,0,No,No,,,,0.1373,Sí
EST-00407,2,18,Mujer,Santander,Urbana,2,Privado,72,Diseño,No,0,0,2.11,No,Mixto,30,18,2.77,90.2,77,0,0,Sí,No,16,16,100,0.2697,No
EST-00408,1,20,Hombre,Bogotá D.C.,Urbana,3,Oficial,64,Ingeniería Industrial,No,0,0,1.49,No,Crédito educativo,24,17,2.87,80,41,0,0,No,No,,,,0.2061,No
EST-00409,1,20,Mujer,Otro,Urbana,1,Oficial,43,Derecho,No,0,0,0.91,Sí,Mixto,60,18,3.06,88.9,55,0,0,No,No,,,,0.0424,No
EST-00410,1,25,Hombre,Norte de Santander,Urbana,2,Oficial,57,Negocios Internacionales,Sí,28,0,1.93,No,Mixto,5,18,3.55,72.7,74,0,0,Sí,No,,,,0.3983,No
EST-00411,2,20,Mujer,Boyacá,Urbana,3,Privado,29,Ingeniería Industrial,No,0,0,1.46,No,Recursos familiares,81,19,3.29,84,88,0,0,Sí,No,18,17,94.4,0.1137,No
EST-00412,2,21,Mujer,Antioquia,Urbana,1,Oficial,64,Negocios Internacionales,Sí,14,0,0.9,Sí,Mixto,39,18,4.9,97.8,59,0,0,No,No,14,14,100,0.0445,No
EST-00413,1,24,Hombre,Nariño,Urbana,2,Oficial,22,Diseño,Sí,18,0,0.78,No,Mixto,38,20,2.93,84.7,55,1,0,Sí,No,,,,0.3677,No
EST-00414,1,23,Mujer,Antioquia,Urbana,2,Privado,48,Ingeniería de Sistemas,No,0,1,1.69,Sí,Beca / subsidio,34,16,3.63,93.2,81,0,0,No,No,,,,0.0832,No
EST-00415,2,19,Hombre,Córdoba,Urbana,3,Privado,62,Psicología,No,0,0,2.66,No,Crédito educativo,28,17,3.74,79.8,60,0,0,No,No,16,16,100,0.0765,Sí
EST-00416,2,19,Hombre,Valle del Cauca,Urbana,3,Oficial,85,Contaduría,No,0,0,2.72,No,Recursos familiares,29,18,3.37,100,80,0,0,No,No,20,20,100,0.0568,No
EST-00417,1,23,Mujer,Santander,Rural,1,Oficial,64,Administración,Sí,35,0,0.73,No,Beca / subsidio,72,16,3.15,89.6,50,2,0,No,No,,,,0.3702,No
EST-00418,2,27,Mujer,Otro,Urbana,1,Oficial,22,Ingeniería de Sistemas,Sí,17,0,1.17,No,Recursos familiares,36,18,2.93,93.7,49,0,0,No,No,20,19,95,0.1372,No
EST-00419,2,26,Mujer,Valle del Cauca,Urbana,2,Privado,34,Ingeniería de Sistemas,Sí,25,1,1.04,No,Crédito educativo,45,17,2.8,79.1,67,1,0,No,No,18,16,88.9,0.429,No
EST-00420,1,20,Mujer,Valle del Cauca,Urbana,3,Oficial,50,Ingeniería de Sistemas,No,0,0,2.69,No,Crédito educativo,17,18,2.84,82.5,58,1,0,No,No,,,,0.1754,No
EST-00421,2,18,Mujer,Valle del Cauca,Urbana,2,Oficial,30,Ingeniería de Sistemas,No,0,0,1.82,No,Recursos familiares,61,19,2.92,86.7,74,0,0,Sí,No,16,16,100,0.202,Sí
EST-00422,2,21,Mujer,Antioquia,Urbana,2,Oficial,32,Derecho,No,0,0,1.12,No,Crédito educativo,33,14,3.15,95.8,49,1,0,Sí,No,14,12,85.7,0.3326,Sí
EST-00423,2,16,Hombre,Norte de Santander,Rural,2,Privado,66,Ingeniería Industrial,No,0,0,2.12,No,Crédito educativo,12,14,2.82,90,61,1,0,No,No,14,13,92.9,0.1976,Sí
EST-00424,1,25,Hombre,Santander,Urbana,4,Privado,61,Administración,No,0,0,4.19,Sí,Mixto,72,20,3.16,86.8,71,0,0,No,No,,,,0.076,No
EST-00425,2,19,Hombre,Valle del Cauca,Urbana,2,Oficial,94,Contaduría,No,0,0,1.69,Sí,Recursos familiares,31,14,2.62,84.1,72,1,1,No,No,18,15,83.3,0.1807,No
EST-00426,2,31,Mujer,Valle del Cauca,Urbana,3,Oficial,56,Ingeniería de Sistemas,Sí,35,1,2.85,No,Recursos familiares,47,17,3.67,87.2,80,0,0,No,No,18,18,100,0.1265,No
EST-00427,2,21,Hombre,Bogotá D.C.,Urbana,3,Oficial,48,Ingeniería Industrial,No,0,0,2.31,No,Recursos familiares,48,20,3.76,97.2,76,0,0,No,No,16,16,100,0.0409,No
EST-00428,1,31,Hombre,Valle del Cauca,Urbana,3,Oficial,49,Comunicación,Sí,9,0,2.14,No,Crédito educativo,33,18,3.9,89.1,92,2,0,No,Sí,,,,0.1828,No
EST-00429,1,17,Hombre,Bogotá D.C.,Urbana,2,Privado,62,Contaduría,No,0,0,1.5,No,Recursos familiares,84,14,3.09,88.1,86,0,0,No,No,,,,0.1235,No
EST-00430,1,23,Hombre,Antioquia,Rural,2,Oficial,36,Contaduría,Sí,29,0,1.1,Sí,Crédito educativo,91,18,2.45,75.8,63,0,0,No,No,,,,0.3765,No
EST-00431,2,24,Hombre,Antioquia,Urbana,3,Oficial,45,Derecho,Sí,30,0,2.39,No,Recursos familiares,32,16,3.03,81.6,62,0,0,No,No,18,18,100,0.1359,No
EST-00432,2,20,Mujer,Bogotá D.C.,Urbana,1,Oficial,3,Comunicación,Sí,12,0,0.75,No,Crédito educativo,38,18,2.73,89.2,61,2,0,Sí,Sí,16,13,81.2,0.4644,No
EST-00433,2,21,Mujer,Quindío,Urbana,5,Oficial,75,Negocios Internacionales,No,0,0,5.23,No,Recursos familiares,64,16,3.45,84.1,89,0,0,No,No,18,17,94.4,0.0688,No
EST-00434,1,19,Mujer,Huila,Rural,2,Oficial,60,Enfermería,No,0,0,1.78,Sí,Mixto,113,14,2.76,88.8,90,0,0,No,No,,,,0.1598,No
EST-00435,1,23,Hombre,Cesar,Urbana,2,Privado,62,Administración,No,0,0,1.48,No,Crédito educativo,30,20,3.61,100,75,0,0,Sí,No,,,,0.1944,No
EST-00436,1,20,Hombre,Atlántico,Urbana,1,Oficial,60,Ingeniería Industrial,No,0,0,0.86,No,Crédito educativo,19,20,3.15,81,81,0,0,No,No,,,,0.1859,No
EST-00437,2,20,Mujer,Magdalena,Urbana,1,Oficial,55,Diseño,No,0,0,0.58,No,Crédito educativo,31,16,4.12,97.9,73,0,0,No,No,20,20,100,0.0334,No
EST-00438,1,21,Hombre,Córdoba,Urbana,1,Oficial,54,Contaduría,Sí,26,0,0.83,Sí,Beca / subsidio,5,17,3.6,84.9,81,0,2,No,No,,,,0.0791,Sí
EST-00439,2,21,Mujer,Bolívar,Rural,1,Oficial,35,Ingeniería de Sistemas,Sí,4,0,1.39,No,Recursos familiares,74,16,3.1,93.2,58,0,0,No,No,16,15,93.8,0.1006,No
EST-00440,1,20,Hombre,Cauca,Urbana,3,Oficial,78,Ingeniería Industrial,No,0,0,2.12,No,Beca / subsidio,31,20,3.11,100,73,0,0,No,No,,,,0.0938,No
EST-00441,1,20,Hombre,Cundinamarca,Urbana,3,Oficial,62,Psicología,No,0,0,2.12,No,Beca / subsidio,31,18,3.03,90.8,71,2,0,No,No,,,,0.186,No
EST-00442,2,22,Hombre,Atlántico,Rural,2,Privado,48,Comunicación,Sí,14,0,1.44,No,Mixto,54,18,3.52,88.1,79,0,0,No,Sí,14,13,92.9,0.0677,No
EST-00443,2,24,Mujer,Bogotá D.C.,Urbana,4,Oficial,76,Diseño,No,0,0,7.06,No,Crédito educativo,28,19,3.18,79.8,76,1,0,Sí,No,16,14,87.5,0.2977,No
EST-00444,1,20,Mujer,Bogotá D.C.,Urbana,1,Oficial,59,Comunicación,Sí,18,0,0.99,No,Crédito educativo,63,16,3,94.6,71,0,0,Sí,No,,,,0.3407,No
EST-00445,1,36,Hombre,Norte de Santander,Urbana,2,Oficial,22,Diseño,Sí,31,2,1.55,No,Recursos familiares,70,18,2.68,83.9,68,0,0,No,No,,,,0.4549,Sí
EST-00446,1,25,Mujer,Nariño,Urbana,4,Privado,63,Ingeniería de Sistemas,No,0,0,5.43,No,Beca / subsidio,58,18,3.6,95.5,76,2,0,No,No,,,,0.1546,No
EST-00447,2,18,Hombre,Magdalena,Urbana,3,Oficial,46,Enfermería,No,0,0,3.51,No,Recursos familiares,73,16,2.49,86.3,64,0,0,No,No,18,18,100,0.1262,No
EST-00448,2,26,Mujer,Bogotá D.C.,Urbana,1,Oficial,56,Ingeniería de Sistemas,Sí,21,0,0.8,No,Recursos familiares,51,19,3.77,91.9,62,0,0,No,No,20,20,100,0.0931,No
EST-00449,1,27,Mujer,Cesar,Urbana,3,Oficial,51,Diseño,Sí,29,0,1.93,No,Recursos familiares,30,17,3.68,98.7,61,0,0,No,No,,,,0.1332,No
EST-00450,2,19,Hombre,Antioquia,Urbana,3,Oficial,20,Comunicación,No,0,0,1.48,No,Crédito educativo,30,19,3.49,96.6,79,0,0,No,No,18,18,100,0.0673,No
EST-00451,2,26,Mujer,Cesar,Urbana,3,Privado,89,Diseño,No,0,0,2.64,No,Recursos familiares,26,20,3.84,93.3,61,0,0,No,No,16,16,100,0.0459,No
EST-00452,1,26,Hombre,Atlántico,Urbana,2,Privado,96,Ingeniería Industrial,Sí,18,0,1.09,No,Beca / subsidio,43,19,3.62,95.3,72,0,0,No,No,,,,0.0851,No
EST-00453,1,33,Hombre,Cundinamarca,Urbana,2,Oficial,44,Psicología,Sí,32,0,1.89,Sí,Beca / subsidio,64,20,3.03,78.5,89,1,0,No,No,,,,0.2553,No
EST-00454,1,19,Mujer,Cundinamarca,Urbana,2,Oficial,48,Comunicación,No,0,0,1.94,No,Crédito educativo,26,16,3.06,89.7,71,0,0,Sí,No,,,,0.303,No
EST-00455,2,21,Mujer,Atlántico,Urbana,4,Oficial,99,Contaduría,No,0,0,4.4,No,Recursos familiares,5,18,3.97,91.2,80,3,0,No,Sí,14,8,57.1,0.1594,No
EST-00456,1,19,Hombre,Cauca,Urbana,1,Oficial,52,Ingeniería Industrial,Sí,10,0,0.78,No,Crédito educativo,10,15,4.42,99.8,89,0,0,No,No,,,,0.114,Sí
EST-00457,1,20,Mujer,Bogotá D.C.,Urbana,1,Oficial,42,Ingeniería Industrial,No,0,0,0.45,Sí,Mixto,21,14,3.19,83.9,57,0,0,Sí,No,,,,0.1492,No
EST-00458,1,25,Mujer,Bogotá D.C.,Urbana,2,Oficial,18,Contaduría,No,0,0,1.67,Sí,Beca / subsidio,95,20,2.62,83.3,57,3,0,No,Sí,,,,0.2915,No
EST-00459,1,18,Mujer,Cauca,Rural,5,Privado,67,Comunicación,No,0,0,4.8,No,Crédito educativo,66,17,3.54,82.1,55,0,0,No,No,,,,0.133,Sí
EST-00460,1,17,Mujer,Valle del Cauca,Urbana,1,Oficial,32,Ingeniería Industrial,No,0,0,0.9,No,Mixto,51,16,3.88,96.1,99,0,2,No,No,,,,0.1455,No
EST-00461,1,19,Mujer,Córdoba,Rural,3,Privado,71,Psicología,No,0,0,3.56,No,Mixto,60,16,3.55,80.1,57,0,0,No,No,,,,0.1104,No
EST-00462,1,19,Hombre,Cundinamarca,Urbana,5,Privado,74,Psicología,No,0,0,4.15,Sí,Crédito educativo,53,18,3.61,95.7,94,0,0,No,No,,,,0.0829,No
EST-00463,2,22,Hombre,Cesar,Urbana,3,Privado,37,Ingeniería de Sistemas,No,0,0,2.63,No,Recursos familiares,22,18,3.64,92.7,68,0,0,No,No,18,17,94.4,0.0799,No
EST-00464,2,19,Mujer,Bogotá D.C.,Urbana,3,Privado,18,Negocios Internacionales,No,0,0,1.45,No,Beca / subsidio,92,17,3.14,78.9,62,0,0,Sí,No,16,16,100,0.1876,Sí
EST-00465,1,20,Mujer,Atlántico,Urbana,2,Oficial,59,Ingeniería Industrial,Sí,21,0,1.17,Sí,Mixto,10,18,3.62,80.4,71,0,0,No,No,,,,0.0514,No
EST-00466,2,20,Mujer,Cundinamarca,Urbana,2,Oficial,45,Comunicación,No,0,0,2.61,Sí,Mixto,29,17,2.95,86.3,92,0,0,No,No,18,18,100,0.0574,No
EST-00467,2,19,Hombre,Atlántico,Rural,3,Oficial,39,Negocios Internacionales,No,0,0,3.79,No,Recursos familiares,30,16,3.44,86.9,54,0,0,No,No,18,18,100,0.0669,No
EST-00468,1,19,Mujer,Antioquia,Rural,2,Oficial,54,Enfermería,Sí,12,3,0.86,Sí,Beca / subsidio,68,19,2.59,69.3,57,1,0,No,No,,,,0.3561,Sí
EST-00469,1,19,Hombre,Valle del Cauca,Urbana,1,Oficial,19,Ingeniería Industrial,No,0,0,0.96,No,Crédito educativo,50,18,3.24,95.3,100,0,0,No,No,,,,0.1283,No
EST-00470,1,20,Hombre,Otro,Urbana,3,Privado,53,Negocios Internacionales,No,0,0,5.03,No,Crédito educativo,21,16,3.87,100,86,1,2,No,No,,,,0.1387,No
EST-00471,2,21,Hombre,Atlántico,Urbana,2,Privado,52,Administración,No,0,0,1.51,Sí,Beca / subsidio,17,17,3.3,90.5,79,0,0,No,No,16,16,100,0.028,No
EST-00472,1,20,Hombre,Cundinamarca,Urbana,4,Privado,30,Ingeniería Industrial,No,0,0,3.59,No,Mixto,33,18,3.67,90.6,78,0,0,Sí,No,,,,0.1413,No
EST-00473,1,25,Hombre,Cesar,Urbana,2,Privado,49,Enfermería,Sí,37,0,2.11,No,Recursos familiares,64,17,2.86,83.6,53,1,0,No,No,,,,0.2968,No
EST-00474,1,20,Hombre,Valle del Cauca,Urbana,3,Privado,59,Enfermería,No,0,0,1.32,No,Crédito educativo,12,18,3.55,83.9,85,0,0,No,No,,,,0.1237,No
EST-00475,2,19,Hombre,Bolívar,Urbana,3,Oficial,45,Ingeniería Industrial,No,0,0,3.53,No,Recursos familiares,28,19,3.01,86.5,58,0,2,No,No,18,16,88.9,0.151,No
EST-00476,2,19,Mujer,Córdoba,Rural,1,Oficial,64,Comunicación,No,0,0,0.95,No,Crédito educativo,98,15,3.65,95.9,99,0,0,Sí,No,16,16,100,0.2136,No
EST-00477,1,19,Hombre,Tolima,Urbana,4,Privado,44,Comunicación,No,0,0,4.75,No,Recursos familiares,69,18,3.64,93,71,0,1,No,No,,,,0.1328,No
EST-00478,1,19,Mujer,Cesar,Urbana,2,Oficial,85,Diseño,No,0,0,1.43,Sí,Beca / subsidio,42,19,4.08,100,76,1,1,No,No,,,,0.0644,No
EST-00479,1,21,Mujer,Valle del Cauca,Urbana,4,Privado,66,Derecho,No,0,0,5.3,No,Recursos familiares,56,18,4.14,91.4,87,0,1,No,Sí,,,,0.0387,No
EST-00480,2,18,Mujer,Bogotá D.C.,Urbana,3,Privado,91,Diseño,No,0,0,2.7,No,Mixto,36,15,3.58,88.3,67,0,0,No,No,14,14,100,0.0391,No
EST-00481,2,21,Mujer,Magdalena,Urbana,2,Oficial,72,Contaduría,Sí,6,0,1.68,No,Crédito educativo,27,16,3.68,83.6,72,0,0,No,No,20,20,100,0.0584,No
EST-00482,1,24,Mujer,Atlántico,Urbana,1,Oficial,60,Contaduría,Sí,14,1,1.1,No,Beca / subsidio,51,16,3.77,99.7,100,0,0,Sí,No,,,,0.1836,No
EST-00483,2,21,Hombre,Risaralda,Urbana,2,Privado,68,Enfermería,No,0,0,1.11,Sí,Mixto,78,16,3.8,94.9,87,0,0,No,No,18,18,100,0.0581,No
EST-00484,2,18,Mujer,Santander,Urbana,2,Oficial,66,Administración,No,0,0,1.76,Sí,Mixto,92,18,3.46,93.3,61,1,0,No,No,18,16,88.9,0.0689,No
EST-00485,2,17,Mujer,Quindío,Rural,3,Oficial,33,Diseño,No,0,0,2.87,No,Recursos familiares,78,19,4.46,100,75,0,0,No,No,18,17,94.4,0.0879,No
EST-00486,1,20,Hombre,Antioquia,Urbana,2,Oficial,60,Administración,No,0,0,1.17,No,Recursos familiares,32,17,4,92.1,74,0,0,No,No,,,,0.0636,No
EST-00487,1,19,Mujer,Bogotá D.C.,Urbana,3,Oficial,78,Psicología,No,0,0,3.31,No,Crédito educativo,29,18,3.61,91.5,95,0,0,No,No,,,,0.0864,No
EST-00488,1,21,Mujer,Quindío,Urbana,1,Oficial,78,Contaduría,No,0,0,1.06,No,Crédito educativo,6,16,4.51,99.9,95,0,0,Sí,No,,,,0.1754,No
EST-00489,2,19,Hombre,Antioquia,Urbana,2,Oficial,36,Derecho,Sí,5,0,1.26,Sí,Recursos familiares,18,20,2.36,81.6,36,1,0,No,No,18,15,83.3,0.182,No
EST-00490,2,20,Hombre,Caldas,Rural,3,Oficial,9,Ingeniería de Sistemas,No,0,0,1.68,Sí,Beca / subsidio,98,18,2.58,78,46,1,0,No,No,20,19,95,0.2583,No
EST-00491,2,25,Hombre,Antioquia,Urbana,1,Oficial,17,Administración,Sí,28,0,0.82,No,Mixto,28,16,3.54,88.3,52,0,0,Sí,No,16,16,100,0.2027,No
EST-00492,1,18,Hombre,Antioquia,Urbana,3,Privado,26,Contaduría,No,0,0,3.61,No,Mixto,19,16,2.98,93.3,68,0,0,No,No,,,,0.112,Sí
EST-00493,2,21,Mujer,Antioquia,Urbana,3,Oficial,28,Administración,No,0,0,2.72,No,Mixto,30,18,2.81,77.4,78,2,1,No,No,18,13,72.2,0.2312,No
EST-00494,2,20,Hombre,Nariño,Urbana,4,Privado,59,Ingeniería de Sistemas,Sí,29,0,6.65,No,Beca / subsidio,52,17,3.5,83.4,47,0,0,No,No,16,16,100,0.0763,No
EST-00495,2,19,Hombre,Cauca,Urbana,2,Privado,57,Administración,Sí,21,0,1.16,Sí,Recursos familiares,11,16,3.72,97.8,62,0,0,No,No,18,18,100,0.0569,No
EST-00496,2,30,Mujer,Nariño,Rural,1,Oficial,31,Psicología,Sí,33,0,0.88,No,Crédito educativo,82,17,3.13,78.4,62,0,1,No,No,18,16,88.9,0.4781,Sí
EST-00497,2,26,Hombre,Atlántico,Urbana,2,Oficial,66,Derecho,Sí,29,0,1.62,No,Crédito educativo,34,17,2.75,89.2,91,1,0,No,No,20,17,85,0.3307,No
EST-00498,2,18,Mujer,Tolima,Urbana,3,Oficial,54,Psicología,No,0,0,2.73,Sí,Recursos familiares,53,16,3.78,89.7,62,0,0,No,No,16,16,100,0.0717,No
EST-00499,1,19,Hombre,Huila,Urbana,1,Oficial,43,Enfermería,Sí,8,0,1.09,Sí,Recursos familiares,53,18,3.55,84.7,58,1,0,No,No,,,,0.0709,Sí
EST-00500,2,21,Hombre,Nariño,Urbana,2,Oficial,31,Negocios Internacionales,No,0,0,2.51,Sí,Crédito educativo,45,18,3.71,98.6,52,0,0,No,No,18,17,94.4,0.0411,No
EST-00501,1,20,Mujer,Risaralda,Urbana,1,Oficial,44,Comunicación,No,0,0,0.81,Sí,Beca / subsidio,20,20,3.59,100,70,0,0,No,No,,,,0.0659,No
EST-00502,1,20,Hombre,Valle del Cauca,Urbana,3,Oficial,38,Administración,Sí,7,0,1.89,Sí,Beca / subsidio,38,16,3.53,90.3,82,0,0,No,No,,,,0.0452,No
EST-00503,1,19,Hombre,Antioquia,Urbana,1,Oficial,41,Ingeniería de Sistemas,No,0,0,1.49,Sí,Mixto,60,20,2.35,93.5,39,0,0,No,No,,,,0.1066,No
EST-00504,2,21,Hombre,Cundinamarca,Urbana,3,Oficial,81,Administración,Sí,35,0,2.01,No,Recursos familiares,16,16,4.02,95.9,83,0,1,No,No,16,15,93.8,0.0784,No
EST-00505,1,19,Mujer,Atlántico,Rural,3,Oficial,69,Administración,No,0,0,1.68,No,Mixto,59,19,3.4,84.5,70,1,0,No,Sí,,,,0.1317,Sí
EST-00506,2,19,Mujer,Risaralda,Urbana,3,Oficial,49,Negocios Internacionales,No,0,0,1.87,No,Crédito educativo,62,19,3.97,88.9,71,0,0,No,No,18,18,100,0.0763,No
EST-00507,2,19,Hombre,Valle del Cauca,Urbana,3,Oficial,43,Ingeniería Industrial,No,0,0,3.46,No,Mixto,27,17,2.62,81.3,29,0,0,No,No,20,20,100,0.1498,No
EST-00508,2,22,Mujer,Norte de Santander,Urbana,3,Oficial,47,Ingeniería de Sistemas,No,0,0,1.36,No,Recursos familiares,46,18,3.72,84.9,65,1,0,No,No,18,16,88.9,0.0741,No
EST-00509,2,20,Hombre,Cundinamarca,Urbana,2,Oficial,41,Comunicación,No,0,0,1.07,No,Beca / subsidio,38,18,3.99,94.5,87,0,0,No,No,20,20,100,0.0781,No
EST-00510,2,22,Mujer,Antioquia,Urbana,3,Oficial,25,Administración,No,0,0,3.34,No,Beca / subsidio,40,18,2.63,86.7,85,0,0,No,No,18,17,94.4,0.1076,No
EST-00511,2,18,Hombre,Atlántico,Urbana,2,Oficial,51,Diseño,No,0,0,1.58,Sí,Beca / subsidio,62,17,3.82,92,90,1,0,No,Sí,18,15,83.3,0.01,No
EST-00512,1,22,Hombre,Tolima,Urbana,2,Privado,44,Contaduría,No,0,0,2.04,No,Beca / subsidio,9,18,2.99,92.2,56,1,1,No,No,,,,0.2295,No
EST-00513,1,18,Mujer,Otro,Urbana,1,Oficial,28,Ingeniería Industrial,Sí,10,0,1.27,No,Crédito educativo,65,18,3.23,87.4,63,0,0,Sí,No,,,,0.2461,Sí
EST-00514,2,19,Hombre,Meta,Urbana,2,Oficial,38,Derecho,No,0,0,1.88,No,Recursos familiares,75,18,3.43,93.3,70,0,0,No,No,20,20,100,0.048,No
EST-00515,1,24,Mujer,Otro,Urbana,3,Oficial,69,Psicología,No,0,0,3.61,No,Recursos familiares,28,16,4.22,96.5,75,0,0,No,No,,,,0.047,No
EST-00516,1,21,Mujer,Valle del Cauca,Urbana,4,Oficial,61,Ingeniería de Sistemas,No,0,0,1.36,No,Beca / subsidio,5,16,3.84,99.4,79,0,0,No,No,,,,0.036,No
EST-00517,2,18,Mujer,Santander,Urbana,1,Oficial,68,Ingeniería de Sistemas,No,0,0,2.29,Sí,Beca / subsidio,54,18,3.61,89.7,48,0,0,No,No,16,16,100,0.0451,No
EST-00518,2,22,Hombre,Santander,Rural,3,Oficial,54,Ingeniería de Sistemas,No,0,0,1.06,No,Recursos familiares,72,17,3.61,81,73,0,0,Sí,No,18,17,94.4,0.1437,No
EST-00519,2,20,Mujer,Córdoba,Urbana,1,Privado,45,Negocios Internacionales,No,0,1,0.8,No,Recursos familiares,54,14,3.96,95.4,83,0,0,Sí,No,18,18,100,0.1377,No
EST-00520,2,22,Mujer,Huila,Urbana,5,Privado,88,Comunicación,No,0,0,4.08,No,Mixto,5,16,3.71,79.6,48,1,0,No,No,18,15,83.3,0.1334,Sí
EST-00521,2,18,Mujer,Santander,Urbana,4,Privado,85,Administración,No,0,0,3.33,Sí,Beca / subsidio,53,16,3.64,100,81,0,0,No,No,18,17,94.4,0.06,No
EST-00522,1,19,Mujer,Santander,Urbana,3,Oficial,39,Ingeniería de Sistemas,No,0,0,2.74,No,Recursos familiares,5,19,2.88,85.6,81,0,0,No,No,,,,0.1082,No
EST-00523,1,19,Mujer,Cauca,Urbana,2,Oficial,29,Comunicación,No,0,0,1.81,Sí,Beca / subsidio,20,15,3.89,95.7,65,0,0,Sí,No,,,,0.0891,No
EST-00524,1,21,Hombre,Antioquia,Urbana,2,Oficial,10,Administración,No,0,0,2.19,No,Crédito educativo,30,16,2.33,80.5,47,2,1,No,No,,,,0.4754,Sí
EST-00525,2,26,Mujer,Norte de Santander,Urbana,2,Privado,36,Enfermería,Sí,27,1,1.1,No,Crédito educativo,11,17,3.27,86.8,78,0,0,No,No,16,15,93.8,0.1825,No
EST-00526,2,19,Mujer,Nariño,Rural,3,Privado,33,Administración,Sí,32,0,1.14,No,Mixto,99,16,2.85,91,84,0,0,Sí,No,16,16,100,0.206,No
EST-00527,1,20,Hombre,Bogotá D.C.,Urbana,2,Oficial,51,Comunicación,No,0,0,1.58,No,Recursos familiares,43,16,3.72,90.6,68,0,0,Sí,No,,,,0.1916,No
EST-00528,2,20,Hombre,Otro,Urbana,2,Oficial,45,Enfermería,No,0,0,0.94,No,Crédito educativo,51,15,4.13,100,82,0,0,Sí,No,18,18,100,0.1023,No
EST-00529,1,25,Mujer,Bolívar,Urbana,1,Oficial,70,Administración,Sí,25,0,0.92,No,Recursos familiares,25,18,3.57,90.5,92,0,0,No,No,,,,0.102,No
EST-00530,2,16,Mujer,Bogotá D.C.,Urbana,2,Oficial,29,Diseño,Sí,21,0,1.22,No,Recursos familiares,51,18,3.93,91.5,100,1,0,No,No,16,13,81.2,0.1043,No
EST-00531,1,19,Hombre,Quindío,Urbana,4,Privado,42,Derecho,No,0,0,3.9,No,Recursos familiares,40,15,2.52,86.3,78,2,0,No,No,,,,0.2745,Sí
EST-00532,2,21,Mujer,Santander,Urbana,3,Oficial,32,Psicología,No,0,0,2.27,No,Crédito educativo,14,14,2.51,89.6,76,1,0,No,No,18,15,83.3,0.1913,No
EST-00533,2,18,Hombre,Bogotá D.C.,Urbana,4,Privado,40,Ingeniería de Sistemas,No,0,1,6.82,No,Recursos familiares,70,16,3.06,95.4,61,0,0,No,No,20,20,100,0.0869,No
EST-00534,2,19,Hombre,Bogotá D.C.,Urbana,2,Oficial,43,Administración,No,0,1,2.12,Sí,Recursos familiares,33,19,3.95,86,80,0,2,No,No,20,18,90,0.096,No
EST-00535,2,24,Mujer,Norte de Santander,Rural,1,Oficial,30,Ingeniería Industrial,Sí,24,0,1.22,Sí,Crédito educativo,32,18,3.22,90.6,83,0,0,Sí,Sí,18,18,100,0.0862,No
EST-00536,1,24,Hombre,Cauca,Rural,1,Oficial,55,Derecho,Sí,42,0,1.02,Sí,Mixto,110,19,3.24,73.3,38,0,0,Sí,Sí,,,,0.3379,No
EST-00537,1,17,Hombre,Bogotá D.C.,Urbana,2,Oficial,23,Ingeniería Industrial,No,0,0,0.77,No,Crédito educativo,56,18,3.34,80.9,51,4,0,No,No,,,,0.4192,Sí
EST-00538,1,20,Hombre,Bogotá D.C.,Urbana,3,Oficial,60,Ingeniería Industrial,No,0,0,2.08,No,Mixto,15,18,3.59,85.6,77,0,0,No,No,,,,0.0882,No
EST-00539,2,20,Mujer,Bogotá D.C.,Urbana,4,Oficial,39,Ingeniería de Sistemas,No,0,0,5.65,Sí,Recursos familiares,87,15,2.6,79.9,49,0,0,No,No,18,18,100,0.0986,No
EST-00540,2,18,Hombre,Risaralda,Urbana,3,Privado,65,Ingeniería Industrial,No,0,0,2.28,No,Recursos familiares,47,16,3.12,98.8,29,0,0,Sí,No,20,20,100,0.1531,No
EST-00541,2,19,Mujer,Risaralda,Urbana,1,Oficial,27,Administración,Sí,6,0,1.26,No,Recursos familiares,44,18,3.09,90.8,80,1,0,No,No,16,14,87.5,0.1555,No
EST-00542,2,21,Mujer,Córdoba,Urbana,3,Oficial,63,Derecho,No,0,0,2.34,No,Crédito educativo,20,16,3.56,100,68,1,0,No,No,18,17,94.4,0.0969,No
EST-00543,2,19,Hombre,Huila,Urbana,2,Privado,53,Ingeniería Industrial,No,0,0,1.49,No,Recursos familiares,46,15,3.64,100,87,0,0,No,No,18,18,100,0.0803,No
EST-00544,1,19,Mujer,Bogotá D.C.,Urbana,3,Oficial,20,Ingeniería de Sistemas,No,0,0,2.05,No,Recursos familiares,56,18,2.95,100,94,0,0,No,No,,,,0.0826,No
EST-00545,2,19,Hombre,Bogotá D.C.,Urbana,2,Privado,53,Administración,No,0,0,1.74,No,Recursos familiares,100,17,3.58,86.5,62,0,0,No,No,18,18,100,0.0793,Sí
EST-00546,2,18,Mujer,Bolívar,Urbana,2,Privado,40,Administración,No,0,0,1.1,Sí,Crédito educativo,89,20,3.72,85.2,89,0,0,No,No,16,16,100,0.0237,No
EST-00547,1,25,Hombre,Valle del Cauca,Urbana,5,Privado,40,Ingeniería Industrial,No,0,0,8.31,No,Recursos familiares,50,18,3.03,93,70,1,0,No,No,,,,0.1784,No
EST-00548,2,22,Hombre,Antioquia,Rural,1,Privado,53,Ingeniería de Sistemas,Sí,30,0,0.67,Sí,Mixto,26,17,3.37,83.6,63,0,1,Sí,No,18,17,94.4,0.116,No
EST-00549,1,23,Hombre,Bogotá D.C.,Urbana,3,Oficial,34,Enfermería,No,0,0,2.81,No,Mixto,27,16,3.17,96.1,53,0,0,Sí,No,,,,0.1298,No
EST-00550,2,24,Mujer,Norte de Santander,Urbana,4,Oficial,47,Enfermería,Sí,9,0,2.73,No,Recursos familiares,85,16,3.31,88,35,0,0,No,No,18,18,100,0.1064,Sí
EST-00551,1,19,Mujer,Valle del Cauca,Urbana,2,Privado,48,Psicología,No,0,0,1.22,Sí,Recursos familiares,51,19,2.86,88.3,54,1,0,No,No,,,,0.1172,No
EST-00552,2,21,Mujer,Bogotá D.C.,Urbana,4,Oficial,42,Psicología,Sí,21,0,6.06,No,Recursos familiares,20,20,3.1,91.3,79,0,0,No,No,16,16,100,0.0764,No
EST-00553,2,24,Mujer,Bogotá D.C.,Urbana,3,Privado,69,Contaduría,Sí,4,0,1.89,No,Beca / subsidio,31,19,4.54,93.6,85,0,0,No,No,18,18,100,0.0312,No
EST-00554,2,25,Hombre,Valle del Cauca,Urbana,1,Oficial,52,Ingeniería de Sistemas,Sí,22,0,1,Sí,Beca / subsidio,37,18,3.56,86.8,64,0,1,No,No,18,18,100,0.0487,No
EST-00555,2,18,Mujer,Caldas,Urbana,3,Oficial,13,Ingeniería de Sistemas,No,0,0,2.98,No,Recursos familiares,45,18,2.73,85.9,59,0,0,No,No,16,15,93.8,0.1346,No
EST-00556,1,19,Mujer,Valle del Cauca,Urbana,1,Oficial,51,Diseño,No,0,0,1.38,No,Crédito educativo,42,17,3.39,77.6,76,0,0,No,Sí,,,,0.1577,No
EST-00557,2,20,Mujer,Caldas,Urbana,2,Oficial,69,Derecho,Sí,25,0,2.17,Sí,Recursos familiares,49,15,2.72,82.1,50,0,0,No,No,16,16,100,0.1333,No
EST-00558,1,26,Mujer,Caldas,Urbana,2,Oficial,49,Derecho,No,0,1,1.4,No,Recursos familiares,19,16,3.78,85.9,93,0,0,No,No,,,,0.1084,No
EST-00559,1,20,Mujer,Meta,Urbana,2,Privado,37,Ingeniería Industrial,No,0,0,1.76,No,Crédito educativo,74,20,3.4,83.1,41,0,0,No,No,,,,0.1501,No
EST-00560,1,19,Hombre,Cauca,Urbana,1,Oficial,85,Psicología,No,0,0,0.66,No,Crédito educativo,47,16,3.81,86.2,80,0,0,No,No,,,,0.1633,Sí
EST-00561,2,34,Mujer,Otro,Urbana,2,Oficial,32,Ingeniería Industrial,Sí,48,0,1.09,Sí,Mixto,100,18,2.58,83.3,69,1,1,No,No,18,15,83.3,0.3449,No
EST-00562,2,20,Hombre,Nariño,Urbana,2,Oficial,59,Administración,Sí,5,0,1.12,Sí,Crédito educativo,34,18,3.03,99.2,62,0,0,Sí,No,18,18,100,0.1149,No
EST-00563,1,21,Hombre,Otro,Urbana,1,Oficial,51,Diseño,No,0,1,1.4,Sí,Beca / subsidio,37,20,3.76,91.3,84,3,0,Sí,No,,,,0.1904,Sí
EST-00564,2,23,Hombre,Tolima,Urbana,2,Privado,70,Comunicación,Sí,39,0,1.13,No,Crédito educativo,10,18,3.24,86.5,51,0,0,No,No,18,18,100,0.0838,No
EST-00565,2,18,No binario / otro,Cundinamarca,Urbana,2,Oficial,33,Administración,No,0,0,1.21,Sí,Recursos familiares,37,18,3.5,89.1,93,0,0,No,No,16,16,100,0.0237,No
EST-00566,1,19,Mujer,Risaralda,Rural,2,Privado,51,Derecho,No,0,0,1.79,No,Mixto,127,17,3.05,80.5,80,0,0,Sí,No,,,,0.3892,No
EST-00567,1,20,Mujer,Cesar,Urbana,3,Oficial,40,Contaduría,Sí,27,0,2.41,Sí,Beca / subsidio,48,17,3.73,91.6,77,0,0,No,No,,,,0.0567,No
EST-00568,2,26,Hombre,Bolívar,Urbana,2,Oficial,51,Administración,Sí,43,0,2.7,Sí,Mixto,39,16,2.35,87.6,48,0,0,No,No,14,14,100,0.1043,No
EST-00569,1,19,Mujer,Bogotá D.C.,Urbana,3,Oficial,49,Enfermería,No,0,0,2.19,No,Mixto,39,18,4.07,91.5,48,0,0,No,No,,,,0.0535,No
EST-00570,1,21,Mujer,Antioquia,Urbana,3,Oficial,45,Psicología,No,0,0,2.59,No,Recursos familiares,10,15,3.1,96.1,68,0,0,Sí,No,,,,0.1606,No
EST-00571,1,19,Hombre,Bogotá D.C.,Urbana,3,Privado,43,Ingeniería de Sistemas,No,0,0,3.1,No,Crédito educativo,72,16,3.67,85.9,69,0,0,No,No,,,,0.0902,No
EST-00572,1,19,Mujer,Bogotá D.C.,Urbana,2,Oficial,46,Negocios Internacionales,No,0,0,1.63,Sí,Mixto,25,20,3.62,89.8,86,0,0,No,No,,,,0.0703,No
EST-00573,2,19,Mujer,Santander,Urbana,2,Privado,29,Derecho,Sí,15,0,1.12,No,Crédito educativo,70,16,3.52,92.7,83,0,0,Sí,Sí,16,16,100,0.1668,No
EST-00574,1,19,Mujer,Bogotá D.C.,Urbana,3,Oficial,33,Comunicación,No,0,0,2.45,Sí,Beca / subsidio,63,20,3.11,93.7,46,1,0,No,No,,,,0.1217,No
EST-00575,1,27,Hombre,Bogotá D.C.,Urbana,3,Oficial,63,Derecho,No,0,0,2.17,Sí,Mixto,68,18,2.96,100,65,2,0,No,No,,,,0.1725,No
EST-00576,1,17,Mujer,Bogotá D.C.,Urbana,3,Oficial,74,Negocios Internacionales,Sí,12,0,2.49,No,Beca / subsidio,59,18,3.33,90.6,72,0,0,No,No,,,,0.08,No
EST-00577,2,18,Hombre,Cundinamarca,Urbana,2,Privado,65,Administración,No,0,0,2.13,Sí,Crédito educativo,26,17,4.05,100,95,0,0,No,No,18,18,100,0.0347,No
EST-00578,2,22,Hombre,Cauca,Urbana,3,Oficial,59,Negocios Internacionales,No,0,2,2.18,No,Recursos familiares,43,16,3.27,92.8,79,1,0,No,No,16,14,87.5,0.0754,No
EST-00579,1,19,Hombre,Boyacá,Urbana,3,Oficial,55,Administración,No,0,0,1.4,No,Recursos familiares,22,20,3.63,94.9,79,0,1,No,No,,,,0.0749,No
EST-00580,2,19,Mujer,Antioquia,Urbana,3,Oficial,78,Derecho,No,0,0,1.97,No,Mixto,72,18,3.35,92.8,68,2,0,No,No,18,14,77.8,0.1236,No
EST-00581,2,18,Mujer,Antioquia,Urbana,3,Oficial,50,Derecho,No,0,0,2.53,No,Mixto,27,17,3.31,99.6,77,0,0,No,Sí,16,15,93.8,0.0593,Sí
EST-00582,1,20,Hombre,Bogotá D.C.,Urbana,2,Oficial,46,Administración,Sí,7,0,1.58,No,Recursos familiares,80,17,3.22,88.6,94,0,0,Sí,No,,,,0.2284,No
EST-00583,1,17,Mujer,Bogotá D.C.,Urbana,3,Privado,67,Derecho,No,0,0,2.67,No,Recursos familiares,18,15,3.87,100,77,0,0,No,Sí,,,,0.0852,No
EST-00584,2,19,Mujer,Bogotá D.C.,Urbana,1,Oficial,60,Psicología,No,0,0,0.93,No,Crédito educativo,55,17,4.21,82.3,73,0,0,Sí,No,18,18,100,0.164,No
EST-00585,1,20,Hombre,Risaralda,Urbana,2,Oficial,53,Psicología,Sí,22,0,2.54,No,Recursos familiares,86,16,3.22,85.4,68,1,0,No,No,,,,0.1582,No
EST-00586,1,19,Hombre,Bogotá D.C.,Urbana,3,Privado,62,Psicología,No,0,0,2.52,No,Recursos familiares,81,18,3.68,89.8,83,1,1,No,No,,,,0.142,No
EST-00587,1,25,Mujer,Bolívar,Rural,2,Oficial,63,Enfermería,Sí,8,0,1.04,Sí,Recursos familiares,106,20,2.86,90.4,63,1,0,No,Sí,,,,0.1546,No
EST-00588,1,19,Hombre,Huila,Urbana,2,Oficial,66,Ingeniería de Sistemas,No,0,0,1.12,No,Crédito educativo,31,18,3.14,89.4,74,0,0,No,No,,,,0.1261,No
EST-00589,2,19,Hombre,Cauca,Urbana,2,Oficial,69,Administración,No,0,0,0.64,No,Recursos familiares,56,19,2.86,92.3,54,1,1,Sí,No,18,14,77.8,0.3732,No
EST-00590,2,21,Mujer,Otro,Urbana,2,Oficial,22,Ingeniería Industrial,No,0,0,0.78,No,Recursos familiares,53,20,3.14,79.1,64,1,0,Sí,No,20,19,95,0.3176,No
EST-00591,2,21,Mujer,Atlántico,Urbana,4,Oficial,49,Psicología,Sí,14,0,6.21,No,Beca / subsidio,15,17,2.65,92.9,70,2,0,No,No,16,12,75,0.2312,No
EST-00592,1,20,Hombre,Cundinamarca,Rural,2,Oficial,37,Psicología,Sí,44,0,2.04,No,Recursos familiares,85,17,3.37,77.9,65,0,0,Sí,No,,,,0.4671,Sí
EST-00593,2,19,Hombre,Risaralda,Urbana,2,Oficial,41,Ingeniería de Sistemas,No,0,0,1.91,No,Recursos familiares,74,18,3.06,89.4,59,0,0,Sí,No,18,17,94.4,0.2012,No
EST-00594,2,26,Mujer,Tolima,Urbana,1,Oficial,15,Diseño,No,0,0,1.74,No,Crédito educativo,35,19,2.66,90.6,74,0,0,No,No,16,15,93.8,0.2054,No
EST-00595,1,32,Mujer,Risaralda,Rural,1,Oficial,27,Psicología,Sí,33,1,1.14,Sí,Crédito educativo,45,18,3.01,78.6,73,3,2,No,No,,,,0.6154,No
EST-00596,2,22,Mujer,Cundinamarca,Urbana,4,Privado,98,Ingeniería Industrial,Sí,22,0,2.64,No,Mixto,5,14,3.96,98.2,63,0,0,No,No,18,18,100,0.0679,No
EST-00597,2,21,Hombre,Antioquia,Urbana,1,Oficial,44,Psicología,No,0,0,1.22,No,Recursos familiares,58,17,3.47,75.6,52,0,0,No,No,20,19,95,0.1062,No
EST-00598,2,21,Hombre,Bogotá D.C.,Urbana,4,Privado,31,Ingeniería de Sistemas,No,0,0,5.56,No,Crédito educativo,29,18,3.09,91.4,80,2,0,No,No,18,14,77.8,0.1823,Sí
EST-00599,1,18,Hombre,Santander,Urbana,2,Oficial,28,Administración,No,0,0,1.62,No,Crédito educativo,24,20,3.42,100,82,0,0,Sí,No,,,,0.2232,No
EST-00600,1,19,Mujer,Quindío,Urbana,3,Privado,38,Ingeniería de Sistemas,No,0,0,2.19,No,Crédito educativo,35,16,3.11,89.5,63,0,0,No,No,,,,0.1635,No
EST-00601,1,34,Hombre,Córdoba,Urbana,2,Privado,64,Ingeniería de Sistemas,Sí,48,0,1.94,Sí,Mixto,48,18,3.07,79.5,82,0,0,No,No,,,,0.1864,Sí
EST-00602,1,20,Mujer,Bogotá D.C.,Urbana,2,Privado,42,Ingeniería de Sistemas,No,0,0,2.78,No,Mixto,39,16,3.18,89.1,64,1,0,Sí,Sí,,,,0.284,No
EST-00603,1,22,Mujer,Huila,Urbana,2,Privado,52,Administración,No,0,0,0.99,Sí,Beca / subsidio,47,18,3.36,97.6,71,3,0,No,No,,,,0.0976,No
EST-00604,1,18,Hombre,Cauca,Urbana,2,Oficial,54,Negocios Internacionales,No,0,0,1.11,No,Crédito educativo,40,20,3.13,88.6,69,0,0,No,No,,,,0.1391,No
EST-00605,1,25,Hombre,Bogotá D.C.,Urbana,2,Privado,82,Psicología,No,0,0,1.67,No,Recursos familiares,70,15,3.37,88,59,0,0,No,No,,,,0.1202,No
EST-00606,2,19,Hombre,Bogotá D.C.,Urbana,1,Oficial,9,Contaduría,No,0,0,0.78,No,Recursos familiares,8,18,3.82,100,98,0,0,No,No,18,18,100,0.0694,No
EST-00607,2,26,Hombre,Antioquia,Urbana,3,Privado,68,Negocios Internacionales,Sí,21,0,3.37,Sí,Recursos familiares,26,16,3.74,86.3,81,0,0,Sí,No,18,18,100,0.0663,No
EST-00608,2,19,Mujer,Valle del Cauca,Rural,2,Oficial,47,Derecho,No,0,0,1.81,Sí,Beca / subsidio,68,18,3.13,98.7,62,1,0,No,No,20,18,90,0.0688,No
EST-00609,2,21,Mujer,Valle del Cauca,Urbana,3,Oficial,67,Enfermería,No,0,0,2.21,No,Recursos familiares,24,17,3.82,100,76,1,0,No,No,16,15,93.8,0.07,No
EST-00610,1,20,Mujer,Norte de Santander,Urbana,1,Privado,74,Ingeniería de Sistemas,Sí,15,0,0.82,Sí,Beca / subsidio,23,15,3.58,87.7,66,0,0,No,No,,,,0.0404,No
EST-00611,1,19,Hombre,Bogotá D.C.,Urbana,2,Oficial,64,Ingeniería de Sistemas,No,0,0,1.76,No,Mixto,68,18,4.05,92.2,100,0,0,No,Sí,,,,0.0792,No
EST-00612,1,20,Mujer,Córdoba,Urbana,3,Oficial,63,Enfermería,No,0,0,2,No,Crédito educativo,28,17,3.14,92.3,67,0,0,No,No,,,,0.1363,No
EST-00613,2,19,Mujer,Antioquia,Urbana,2,Oficial,52,Ingeniería de Sistemas,Sí,21,0,2.64,Sí,Beca / subsidio,35,18,3.29,86,52,0,0,No,No,18,18,100,0.0664,No
EST-00614,1,19,Hombre,Bogotá D.C.,Urbana,2,Oficial,50,Comunicación,No,0,0,1.11,No,Crédito educativo,17,15,3.63,96.4,100,0,0,Sí,Sí,,,,0.1691,Sí
EST-00615,1,26,Hombre,Bogotá D.C.,Urbana,1,Oficial,51,Negocios Internacionales,Sí,24,0,0.77,Sí,Beca / subsidio,48,18,3.03,87.7,62,0,0,Sí,No,,,,0.1147,No
EST-00616,1,17,Mujer,Bogotá D.C.,Urbana,2,Oficial,3,Ingeniería de Sistemas,No,0,0,1.84,Sí,Mixto,23,15,3.64,92.4,53,0,0,Sí,No,,,,0.0718,No
EST-00617,2,19,Hombre,Cundinamarca,Urbana,1,Oficial,43,Ingeniería Industrial,No,0,0,1.05,No,Crédito educativo,13,18,2.69,88.9,76,3,0,No,Sí,16,10,62.5,0.471,No
EST-00618,2,20,Mujer,Valle del Cauca,Urbana,5,Privado,49,Contaduría,No,0,0,5.85,No,Crédito educativo,56,18,3.41,84.4,64,0,0,No,No,18,18,100,0.0702,No
EST-00619,2,17,Hombre,Caldas,Urbana,1,Oficial,43,Ingeniería Industrial,No,0,0,0.65,No,Mixto,56,20,3.22,90,67,2,0,No,No,14,11,78.6,0.2128,No
EST-00620,1,23,Mujer,Bolívar,Urbana,3,Oficial,55,Psicología,No,0,1,2.49,No,Recursos familiares,22,19,4.22,99.1,72,0,0,No,No,,,,0.044,No
EST-00621,1,17,Mujer,Magdalena,Urbana,3,Oficial,69,Ingeniería Industrial,No,0,0,2.19,Sí,Mixto,28,18,3.66,86.8,56,0,0,No,No,,,,0.0705,No
EST-00622,1,20,Mujer,Cauca,Urbana,2,Oficial,54,Comunicación,No,0,0,1.97,Sí,Mixto,45,16,2.61,99.7,77,0,0,No,No,,,,0.1361,No
EST-00623,1,18,Hombre,Nariño,Urbana,5,Privado,75,Derecho,No,0,0,5.12,No,Recursos familiares,36,16,3.3,87,57,0,0,No,No,,,,0.0704,No
EST-00624,2,18,Hombre,Cundinamarca,Rural,2,Oficial,31,Administración,Sí,27,0,1.56,No,Recursos familiares,79,14,3.15,78,66,0,0,No,No,20,20,100,0.242,No
EST-00625,1,19,Mujer,Valle del Cauca,Urbana,3,Privado,44,Ingeniería de Sistemas,Sí,25,0,3.48,No,Crédito educativo,34,18,3.07,99.8,74,0,0,No,No,,,,0.1683,No
EST-00626,1,20,Hombre,Boyacá,Urbana,1,Oficial,25,Contaduría,No,0,0,1.22,Sí,Beca / subsidio,29,20,2.83,83.2,80,0,0,No,No,,,,0.0481,No
EST-00627,1,19,Hombre,Antioquia,Urbana,4,Oficial,81,Contaduría,No,0,0,4.34,No,Mixto,61,18,3.45,85,64,0,0,No,No,,,,0.0591,No
EST-00628,1,20,Mujer,Bogotá D.C.,Urbana,3,Oficial,43,Contaduría,No,0,0,1.67,Sí,Mixto,31,14,2.5,100,65,1,0,No,Sí,,,,0.1123,No
EST-00629,1,21,Hombre,Meta,Urbana,4,Oficial,61,Diseño,No,0,0,3.72,No,Recursos familiares,27,20,2.93,95.9,58,0,0,No,Sí,,,,0.0828,No
EST-00630,2,24,Hombre,Valle del Cauca,Urbana,4,Oficial,49,Ingeniería de Sistemas,No,0,0,3.86,No,Mixto,24,16,2.8,100,68,0,0,No,No,18,17,94.4,0.0647,No
EST-00631,1,21,Hombre,Bogotá D.C.,Urbana,2,Oficial,48,Comunicación,No,0,0,1.3,No,Crédito educativo,11,14,3.11,97.2,85,0,0,No,No,,,,0.1382,No
EST-00632,2,20,Hombre,Atlántico,Rural,4,Oficial,63,Psicología,No,0,0,4.64,No,Recursos familiares,96,19,3.13,91.4,53,0,0,No,No,18,18,100,0.13,No
EST-00633,1,21,Hombre,Risaralda,Urbana,1,Oficial,17,Ingeniería de Sistemas,No,0,0,0.45,Sí,Recursos familiares,42,18,2.77,91.4,76,0,0,No,Sí,,,,0.0927,No
EST-00634,2,31,Mujer,Bogotá D.C.,Urbana,3,Privado,32,Psicología,Sí,40,1,3.7,No,Recursos familiares,11,18,3.19,79.3,69,2,1,No,No,20,15,75,0.5166,No
EST-00635,2,18,Mujer,Cundinamarca,Urbana,2,Privado,93,Ingeniería de Sistemas,No,0,0,0.9,Sí,Mixto,17,15,3.66,86.4,62,0,0,Sí,No,18,17,94.4,0.0795,No
EST-00636,1,27,Hombre,Valle del Cauca,Urbana,4,Privado,42,Ingeniería Industrial,Sí,23,0,3.22,No,Beca / subsidio,76,16,3.84,92.5,87,4,1,No,Sí,,,,0.2306,Sí
EST-00637,2,21,Mujer,Antioquia,Urbana,2,Oficial,3,Ingeniería de Sistemas,Sí,13,0,1.81,No,Recursos familiares,31,18,2.1,74.5,73,2,0,Sí,Sí,16,12,75,0.5493,No
EST-00638,1,19,Mujer,Bogotá D.C.,Urbana,5,Privado,49,Ingeniería Industrial,No,0,0,4.05,No,Recursos familiares,58,14,2.92,86.6,46,2,0,No,Sí,,,,0.1352,Sí
EST-00639,1,22,Hombre,Huila,Urbana,2,Oficial,66,Contaduría,No,0,0,1.8,Sí,Recursos familiares,38,16,3.85,90.9,90,0,0,No,No,,,,0.0426,No
EST-00640,1,21,Mujer,Antioquia,Urbana,2,Oficial,53,Administración,No,0,0,0.99,No,Crédito educativo,5,18,4.02,97.9,78,0,0,No,Sí,,,,0.0917,No
EST-00641,1,21,Mujer,Valle del Cauca,Urbana,3,Privado,70,Enfermería,No,0,0,2.1,Sí,Beca / subsidio,42,18,3.5,80.3,65,0,0,No,No,,,,0.064,No
EST-00642,2,22,Mujer,Atlántico,Urbana,2,Oficial,47,Ingeniería Industrial,No,0,0,1.08,No,Beca / subsidio,14,18,3.07,93.5,74,0,0,Sí,No,18,18,100,0.2037,No
EST-00643,1,22,Mujer,Norte de Santander,Urbana,3,Privado,76,Ingeniería de Sistemas,No,0,0,4.21,Sí,Mixto,60,16,3.81,89.3,91,2,0,No,Sí,,,,0.085,No
EST-00644,2,20,Mujer,Antioquia,Urbana,4,Privado,50,Psicología,Sí,18,0,5.91,No,Mixto,72,19,3.1,95.6,88,0,0,No,No,16,16,100,0.0843,No
EST-00645,1,19,Mujer,Caldas,Urbana,2,Oficial,31,Comunicación,No,0,0,1.96,No,Crédito educativo,5,18,2.92,80.2,65,0,0,No,Sí,,,,0.1621,No
EST-00646,2,21,Mujer,Cundinamarca,Urbana,3,Oficial,70,Diseño,No,0,0,2.2,No,Recursos familiares,72,20,3.73,95,59,0,0,No,No,18,18,100,0.0336,No
EST-00647,2,18,Hombre,Tolima,Urbana,4,Privado,47,Diseño,No,0,0,4.76,No,Crédito educativo,41,18,4.1,89.8,84,0,0,No,No,20,20,100,0.0505,No
EST-00648,1,19,Mujer,Huila,Rural,1,Oficial,48,Ingeniería Industrial,Sí,15,0,0.46,No,Recursos familiares,12,15,3.64,94.1,66,0,0,No,Sí,,,,0.0774,No
EST-00649,2,20,Mujer,Cauca,Urbana,3,Oficial,76,Derecho,No,0,0,1.66,No,Mixto,33,17,3.61,89.8,67,2,0,No,No,14,10,71.4,0.1436,No
EST-00650,2,20,Mujer,Atlántico,Rural,3,Privado,28,Diseño,No,0,0,3.26,No,Recursos familiares,113,14,2.78,79.8,82,0,0,No,No,18,17,94.4,0.2267,No
EST-00651,2,20,Hombre,Cauca,Rural,3,Oficial,50,Derecho,No,0,0,1.83,No,Mixto,52,19,3.65,90.4,73,0,0,Sí,No,16,16,100,0.0808,No
EST-00652,1,21,Hombre,Cesar,Urbana,2,Oficial,65,Ingeniería Industrial,No,0,0,2.31,No,Recursos familiares,70,18,3.54,81.2,91,1,0,No,No,,,,0.1712,No
EST-00653,1,20,Mujer,Antioquia,Rural,1,Oficial,39,Negocios Internacionales,No,0,0,0.93,No,Crédito educativo,60,20,2.77,96.5,90,3,0,No,No,,,,0.4267,Sí
EST-00654,1,21,Hombre,Tolima,Urbana,1,Oficial,69,Administración,No,0,0,0.57,Sí,Beca / subsidio,26,16,3.59,87,90,0,0,No,No,,,,0.0813,No
EST-00655,1,21,Mujer,Santander,Urbana,2,Oficial,52,Diseño,Sí,39,0,2.54,Sí,Mixto,5,17,3.17,79.5,75,0,1,No,No,,,,0.2126,Sí
EST-00656,1,22,Mujer,Bogotá D.C.,Urbana,3,Oficial,25,Negocios Internacionales,No,0,0,2.02,No,Mixto,46,18,3.54,84,61,0,0,No,No,,,,0.0435,No
EST-00657,2,19,Hombre,Atlántico,Urbana,3,Oficial,37,Negocios Internacionales,No,0,0,3.43,No,Recursos familiares,30,16,3.62,100,61,3,0,Sí,No,16,11,68.8,0.2797,Sí
EST-00658,2,19,Mujer,Bogotá D.C.,Urbana,2,Oficial,73,Psicología,No,0,0,2.8,Sí,Mixto,80,20,3.47,84.3,72,0,0,No,No,18,18,100,0.0621,No
EST-00659,2,18,Hombre,Cesar,Urbana,4,Privado,46,Contaduría,Sí,23,0,6.95,No,Recursos familiares,62,19,2.69,87.9,85,2,0,No,No,14,10,71.4,0.2562,No
EST-00660,2,16,Mujer,Valle del Cauca,Urbana,3,Oficial,28,Administración,No,0,0,1.73,No,Crédito educativo,38,17,3.35,90.8,70,0,0,No,No,18,18,100,0.063,No
EST-00661,2,21,Hombre,Antioquia,Urbana,3,Privado,23,Ingeniería de Sistemas,Sí,11,0,2.9,Sí,Mixto,19,16,3.58,92.1,67,2,0,No,Sí,16,12,75,0.0433,No
EST-00662,2,21,Mujer,Atlántico,Urbana,2,Privado,29,Ingeniería de Sistemas,No,0,0,0.95,No,Crédito educativo,44,19,3.16,85.8,67,0,0,No,No,18,17,94.4,0.1196,No
EST-00663,1,19,Hombre,Cundinamarca,Rural,3,Privado,71,Comunicación,No,0,0,2.94,No,Recursos familiares,63,20,3.7,85.2,83,0,0,No,No,,,,0.0892,No
EST-00664,2,20,Hombre,Tolima,Urbana,3,Oficial,18,Derecho,No,0,0,3.08,Sí,Crédito educativo,5,18,2.85,92.9,55,0,0,No,No,18,17,94.4,0.0725,No
EST-00665,1,18,Mujer,Cauca,Rural,5,Privado,43,Ingeniería de Sistemas,No,0,0,7.88,No,Recursos familiares,102,18,3.52,93.9,85,0,0,Sí,No,,,,0.2077,No
EST-00666,1,18,Hombre,Antioquia,Urbana,1,Oficial,73,Derecho,No,0,0,0.68,Sí,Mixto,16,16,4.15,88.4,76,0,0,No,No,,,,0.0325,No
EST-00667,2,22,Hombre,Huila,Rural,2,Oficial,27,Comunicación,No,0,0,1.63,Sí,Crédito educativo,97,16,3.37,88.7,95,0,0,No,No,20,19,95,0.0469,No
EST-00668,1,25,Mujer,Atlántico,Urbana,3,Privado,62,Contaduría,No,0,2,3.43,Sí,Beca / subsidio,54,18,3.57,94.2,79,0,0,No,No,,,,0.095,No
EST-00669,1,30,Hombre,Santander,Urbana,3,Oficial,57,Psicología,Sí,25,1,2.04,No,Recursos familiares,52,18,2.39,82.1,53,0,0,No,Sí,,,,0.3409,No
EST-00670,2,22,Hombre,Atlántico,Urbana,2,Oficial,63,Enfermería,Sí,14,0,0.82,Sí,Crédito educativo,43,19,3.76,85,81,0,1,Sí,No,18,16,88.9,0.0692,No
EST-00671,1,26,Hombre,Cundinamarca,Urbana,1,Oficial,58,Negocios Internacionales,Sí,39,0,1.4,No,Recursos familiares,32,16,3.46,93.7,62,0,0,Sí,No,,,,0.294,No
EST-00672,1,17,Hombre,Valle del Cauca,Urbana,4,Privado,33,Diseño,No,0,0,3.1,No,Recursos familiares,7,16,2.98,87.3,72,0,0,No,No,,,,0.12,No
EST-00673,1,17,Mujer,Valle del Cauca,Urbana,3,Oficial,94,Ingeniería de Sistemas,No,0,0,1.91,No,Mixto,36,19,4.25,98.3,86,0,0,No,No,,,,0.0629,No
EST-00674,2,18,Mujer,Magdalena,Urbana,2,Oficial,42,Administración,No,0,0,2.12,No,Recursos familiares,39,17,3.51,85.7,92,1,0,No,No,18,16,88.9,0.0974,No
EST-00675,1,20,Hombre,Risaralda,Urbana,3,Oficial,21,Ingeniería de Sistemas,No,0,0,1.88,Sí,Mixto,43,20,3.37,82.1,69,1,0,No,No,,,,0.1196,No
EST-00676,1,20,Hombre,Boyacá,Urbana,3,Oficial,55,Contaduría,No,0,0,2.88,No,Recursos familiares,54,18,3.48,91.7,86,0,0,No,No,,,,0.0889,No
EST-00677,2,19,Mujer,Bolívar,Urbana,3,Privado,71,Administración,No,0,0,2,No,Mixto,26,19,3.61,94.4,91,0,0,No,No,16,15,93.8,0.0679,No
EST-00678,1,24,Mujer,Valle del Cauca,Rural,1,Oficial,28,Diseño,No,0,0,1.4,No,Crédito educativo,39,18,4.16,92,79,0,0,Sí,No,,,,0.194,Sí
EST-00679,2,20,Hombre,Valle del Cauca,Urbana,1,Oficial,25,Administración,No,0,0,0.68,Sí,Recursos familiares,57,18,3.28,88.6,82,0,0,No,No,16,16,100,0.0719,No
EST-00680,1,17,Mujer,Bogotá D.C.,Urbana,1,Privado,41,Diseño,No,0,0,1.03,Sí,Mixto,89,19,3.22,96.7,73,1,0,Sí,No,,,,0.1438,No
EST-00681,1,20,Mujer,Meta,Urbana,3,Privado,53,Ingeniería Industrial,No,0,0,2.02,No,Recursos familiares,22,17,3.74,92.1,81,0,0,No,No,,,,0.0805,No
EST-00682,1,20,Hombre,Tolima,Urbana,3,Privado,74,Administración,No,0,0,3,No,Recursos familiares,39,18,4.14,89.6,74,0,1,No,No,,,,0.0869,No
EST-00683,2,21,Mujer,Antioquia,Urbana,3,Oficial,19,Ingeniería de Sistemas,No,0,2,1.67,No,Recursos familiares,50,20,3.63,92.7,66,0,0,No,No,20,20,100,0.0626,No
EST-00684,1,20,Mujer,Atlántico,Rural,1,Oficial,10,Diseño,No,0,0,0.79,No,Crédito educativo,58,20,2.59,72.3,52,2,0,No,No,,,,0.5131,Sí
EST-00685,2,26,Mujer,Atlántico,Urbana,1,Oficial,36,Ingeniería de Sistemas,Sí,18,0,0.93,No,Crédito educativo,68,18,3.09,78,60,0,0,Sí,No,20,20,100,0.3303,Sí
EST-00686,2,18,Hombre,Bogotá D.C.,Urbana,2,Oficial,60,Ingeniería Industrial,No,0,0,0.76,No,Recursos familiares,67,17,3.65,96.4,90,0,0,No,No,20,20,100,0.0545,No
EST-00687,2,18,Mujer,Atlántico,Urbana,2,Oficial,64,Negocios Internacionales,No,0,0,1.64,Sí,Recursos familiares,22,20,4.02,96.6,82,0,0,No,No,14,13,92.9,0.024,No
EST-00688,2,17,Mujer,Cundinamarca,Urbana,2,Oficial,64,Derecho,No,0,0,2.17,No,Crédito educativo,65,18,3.78,99.5,69,1,0,No,No,14,13,92.9,0.1605,No
EST-00689,2,18,Mujer,Bogotá D.C.,Urbana,4,Privado,73,Negocios Internacionales,No,0,0,6.24,Sí,Beca / subsidio,49,20,3.78,100,74,0,0,No,No,16,16,100,0.0197,No
EST-00690,2,18,Hombre,Valle del Cauca,Urbana,1,Oficial,40,Derecho,No,0,0,1.3,No,Recursos familiares,72,16,3.39,84.1,81,0,0,No,No,18,18,100,0.0578,No
EST-00691,2,20,Mujer,Bogotá D.C.,Urbana,2,Oficial,38,Comunicación,Sí,25,0,1.03,No,Crédito educativo,41,16,2.64,86.5,67,0,1,Sí,No,16,16,100,0.4427,Sí
EST-00692,2,18,Mujer,Nariño,Urbana,3,Oficial,42,Comunicación,No,0,0,2.87,No,Recursos familiares,19,18,3.43,85.5,88,0,0,No,No,18,18,100,0.1075,No
EST-00693,2,20,Hombre,Bogotá D.C.,Urbana,4,Privado,73,Administración,Sí,27,0,3.22,No,Recursos familiares,46,20,3.52,75.8,71,0,0,No,No,18,17,94.4,0.125,No
EST-00694,1,21,Hombre,Bolívar,Urbana,3,Oficial,37,Contaduría,No,0,0,2.69,No,Crédito educativo,43,18,3.36,87.6,83,0,0,No,No,,,,0.0562,No
EST-00695,1,21,Mujer,Nariño,Urbana,5,Privado,58,Ingeniería de Sistemas,Sí,16,0,3.96,Sí,Beca / subsidio,10,20,3.47,88,61,1,0,No,No,,,,0.0791,No
EST-00696,1,20,Mujer,Cauca,Urbana,1,Oficial,54,Comunicación,No,0,1,0.75,No,Mixto,15,14,3.72,93.1,75,0,0,No,No,,,,0.1214,No
EST-00697,1,20,Hombre,Caldas,Urbana,2,Privado,46,Ingeniería de Sistemas,No,0,0,1.44,No,Crédito educativo,32,18,4.1,86,40,0,0,No,No,,,,0.0942,No
EST-00698,1,26,Mujer,Santander,Urbana,3,Oficial,55,Ingeniería Industrial,No,0,0,3.64,No,Beca / subsidio,65,18,3.09,82.9,66,0,0,No,No,,,,0.1505,No
EST-00699,1,18,Mujer,Risaralda,Urbana,1,Oficial,34,Enfermería,No,0,0,1.13,Sí,Mixto,51,20,3.36,90.8,85,0,0,No,No,,,,0.0755,No
EST-00700,2,19,Mujer,Antioquia,Rural,1,Oficial,67,Comunicación,Sí,27,2,0.75,Sí,Beca / subsidio,67,18,3.62,79,84,0,0,No,No,16,15,93.8,0.1349,No
EST-00701,2,20,Mujer,Cundinamarca,Urbana,4,Privado,65,Ingeniería de Sistemas,No,0,0,2.86,No,Recursos familiares,13,14,3.32,95.9,62,0,0,No,No,18,18,100,0.0828,No
EST-00702,1,18,Mujer,Valle del Cauca,Rural,1,Oficial,26,Administración,No,0,0,1.28,No,Crédito educativo,108,14,2.88,93,57,3,0,Sí,Sí,,,,0.5914,Sí
EST-00703,1,17,Hombre,Cesar,Urbana,1,Oficial,55,Ingeniería de Sistemas,No,0,0,0.99,Sí,Beca / subsidio,87,18,3.41,92.7,89,0,0,No,Sí,,,,0.0606,No
EST-00704,2,19,Mujer,Cauca,Urbana,4,Oficial,35,Ingeniería Industrial,No,0,0,4.59,No,Recursos familiares,39,14,2.44,100,81,1,1,No,Sí,16,14,87.5,0.1757,No
EST-00705,2,27,Mujer,Bolívar,Urbana,2,Oficial,39,Contaduría,Sí,26,0,1.07,Sí,Beca / subsidio,58,20,3.12,86.2,67,0,0,No,No,18,18,100,0.1158,No
EST-00706,2,20,Hombre,Córdoba,Urbana,3,Privado,56,Psicología,Sí,19,0,5.24,No,Mixto,5,18,3.64,84.2,74,0,0,No,No,20,20,100,0.0429,No
EST-00707,2,21,Hombre,Atlántico,Urbana,3,Privado,64,Ingeniería de Sistemas,Sí,20,0,2.33,Sí,Beca / subsidio,24,20,3.11,83.9,69,0,0,No,No,18,18,100,0.0859,No
EST-00708,2,19,Mujer,Bogotá D.C.,Urbana,4,Oficial,56,Contaduría,No,0,0,5.14,No,Crédito educativo,70,17,4.2,95.2,87,0,0,Sí,Sí,16,16,100,0.0314,No
EST-00709,1,18,Hombre,Huila,Urbana,2,Privado,19,Enfermería,No,0,0,0.97,Sí,Beca / subsidio,80,18,2.09,84,48,1,0,Sí,No,,,,0.2803,Sí
EST-00710,2,19,Mujer,Bogotá D.C.,Urbana,1,Oficial,28,Derecho,Sí,26,0,0.79,No,Recursos familiares,93,15,3.59,89.2,73,2,0,No,No,18,14,77.8,0.2237,No
EST-00711,1,19,Mujer,Atlántico,Urbana,4,Privado,65,Administración,No,0,0,3.53,No,Recursos familiares,79,19,3.02,86.3,62,0,0,No,No,,,,0.1143,No
EST-00712,1,18,Mujer,Valle del Cauca,Rural,3,Privado,60,Administración,No,0,2,4.05,No,Mixto,75,19,3.44,95.7,57,0,0,No,Sí,,,,0.1137,No
EST-00713,1,17,Hombre,Tolima,Urbana,2,Oficial,86,Psicología,No,0,0,1.66,Sí,Beca / subsidio,31,20,3.32,88,69,0,0,No,No,,,,0.0223,No
EST-00714,2,19,Mujer,Bogotá D.C.,Urbana,3,Oficial,59,Negocios Internacionales,Sí,21,0,3.1,No,Mixto,54,15,3.3,95.1,65,0,1,No,No,16,15,93.8,0.0649,No
EST-00715,2,19,Mujer,Meta,Urbana,4,Privado,50,Administración,No,0,0,3.6,No,Recursos familiares,43,14,4.12,96.4,97,0,0,No,Sí,16,16,100,0.0124,No
EST-00716,2,21,Mujer,Huila,Urbana,1,Oficial,32,Administración,No,0,0,1.23,Sí,Mixto,22,15,2.49,76.4,76,0,0,No,No,16,16,100,0.1058,Sí
EST-00717,1,19,Mujer,Córdoba,Rural,2,Oficial,52,Enfermería,No,0,0,1.57,Sí,Beca / subsidio,68,18,3.99,94.1,97,0,0,Sí,No,,,,0.0582,No
EST-00718,2,20,Hombre,Nariño,Urbana,4,Privado,33,Derecho,No,0,0,2.56,No,Recursos familiares,49,17,3.53,94.6,79,0,0,No,No,18,18,100,0.0698,No
EST-00719,1,33,Mujer,Bolívar,Urbana,2,Oficial,44,Ingeniería de Sistemas,Sí,26,0,1.8,No,Crédito educativo,49,20,3.09,95.4,59,0,0,No,No,,,,0.206,No
EST-00720,1,19,Hombre,Norte de Santander,Rural,1,Oficial,16,Contaduría,No,0,0,0.77,Sí,Recursos familiares,81,17,3.27,86.4,79,0,0,Sí,No,,,,0.1524,No
EST-00721,2,26,Hombre,Meta,Urbana,2,Privado,53,Ingeniería de Sistemas,Sí,29,1,1.4,No,Crédito educativo,28,17,3.54,90.5,69,0,2,Sí,No,16,14,87.5,0.4521,No
EST-00722,1,18,Mujer,Meta,Urbana,1,Oficial,65,Administración,No,0,0,1.59,Sí,Beca / subsidio,65,17,3.43,86.3,81,0,0,No,No,,,,0.0643,No
EST-00723,2,21,Mujer,Bogotá D.C.,Urbana,2,Oficial,44,Diseño,Sí,32,0,1.53,No,Crédito educativo,58,19,2.38,83.2,88,0,0,No,Sí,18,18,100,0.214,No
EST-00724,2,20,Hombre,Meta,Urbana,4,Privado,73,Diseño,No,0,0,4.41,No,Crédito educativo,7,15,3.14,94.9,68,0,0,Sí,No,20,20,100,0.1084,No
EST-00725,1,21,Mujer,Norte de Santander,Urbana,3,Privado,33,Contaduría,No,0,0,1.4,No,Recursos familiares,38,18,3.9,93.9,69,0,0,No,No,,,,0.073,No
EST-00726,1,19,Mujer,Quindío,Urbana,2,Oficial,18,Derecho,Sí,9,0,2.8,Sí,Beca / subsidio,45,14,3.88,87,73,2,0,No,No,,,,0.1233,No
EST-00727,2,24,Mujer,Bogotá D.C.,Urbana,1,Oficial,58,Comunicación,Sí,21,0,0.67,No,Crédito educativo,47,18,3.44,95.6,84,0,0,No,No,18,18,100,0.0672,No
EST-00728,1,21,Mujer,Valle del Cauca,Rural,3,Oficial,64,Ingeniería de Sistemas,No,0,0,1.7,No,Recursos familiares,56,18,3.28,99,69,0,0,No,No,,,,0.093,No
EST-00729,2,22,Hombre,Bogotá D.C.,Urbana,4,Privado,86,Comunicación,No,0,0,7.24,No,Beca / subsidio,89,16,2.81,91.4,60,0,0,Sí,No,18,18,100,0.1374,No
EST-00730,1,17,Mujer,Santander,Urbana,3,Privado,43,Enfermería,No,0,0,3.75,No,Beca / subsidio,15,18,2.72,86.9,66,0,0,No,Sí,,,,0.1636,No
EST-00731,2,21,Mujer,Boyacá,Urbana,2,Oficial,21,Ingeniería Industrial,Sí,31,0,1,Sí,Beca / subsidio,17,19,2.85,80.8,57,0,0,No,No,16,16,100,0.0953,No
EST-00732,1,21,Hombre,Bogotá D.C.,Urbana,4,Oficial,41,Enfermería,No,0,0,4.5,No,Beca / subsidio,72,18,3.71,93.2,82,1,0,No,No,,,,0.0914,No
EST-00733,2,20,Mujer,Norte de Santander,Urbana,2,Oficial,38,Diseño,Sí,22,0,1.42,Sí,Mixto,34,17,3.05,96.6,58,3,0,No,No,20,15,75,0.1998,Sí
EST-00734,2,24,Hombre,Santander,Urbana,2,Oficial,20,Comunicación,Sí,14,0,2.38,No,Crédito educativo,61,18,2.79,87.1,53,0,0,No,No,16,16,100,0.1941,No
EST-00735,2,23,Hombre,Valle del Cauca,Urbana,2,Oficial,72,Ingeniería Industrial,No,0,0,1.22,Sí,Mixto,17,18,3.95,86,87,0,0,No,No,16,16,100,0.0354,No
EST-00736,2,20,Hombre,Santander,Urbana,3,Oficial,40,Administración,No,0,0,3.39,No,Mixto,27,16,3.8,94.6,93,0,0,No,No,18,18,100,0.0448,No
EST-00737,2,18,Mujer,Cundinamarca,Urbana,2,Oficial,29,Diseño,No,0,0,2.71,No,Recursos familiares,17,18,2.77,94.2,66,0,0,No,No,18,17,94.4,0.1342,No
EST-00738,1,20,Hombre,Atlántico,Urbana,5,Privado,84,Negocios Internacionales,No,0,0,4.31,No,Mixto,56,18,2.96,91.8,51,0,0,No,No,,,,0.1282,No
EST-00739,2,18,Hombre,Caldas,Urbana,5,Privado,70,Derecho,No,0,0,5.09,Sí,Beca / subsidio,76,18,2.74,84.9,48,0,0,No,No,18,18,100,0.1389,No
EST-00740,2,17,Hombre,Atlántico,Urbana,1,Privado,54,Negocios Internacionales,No,0,0,0.54,No,Crédito educativo,5,20,2.37,86.9,58,0,0,No,No,18,18,100,0.2096,Sí
EST-00741,2,19,Mujer,Otro,Urbana,1,Oficial,30,Ingeniería Industrial,No,0,0,0.45,No,Recursos familiares,33,16,3.22,94.2,82,0,0,No,No,18,18,100,0.0387,No
EST-00742,2,19,Mujer,Atlántico,Urbana,3,Privado,34,Negocios Internacionales,Sí,27,0,3.1,Sí,Mixto,37,16,3.26,92.9,72,0,0,No,No,18,18,100,0.0573,No
EST-00743,1,21,Hombre,Bogotá D.C.,Urbana,3,Oficial,40,Diseño,Sí,18,0,3.39,No,Mixto,76,16,2.95,91.3,75,0,1,No,No,,,,0.133,No
EST-00744,1,18,Hombre,Norte de Santander,Urbana,4,Oficial,61,Enfermería,No,0,0,4.2,No,Recursos familiares,26,16,3.41,91,84,0,0,No,No,,,,0.0698,Sí
EST-00745,1,20,Mujer,Bogotá D.C.,Urbana,2,Oficial,65,Psicología,No,0,0,0.99,Sí,Mixto,23,16,2.7,98.5,64,1,0,No,No,,,,0.1775,No
EST-00746,1,19,Hombre,Antioquia,Urbana,2,Privado,51,Psicología,No,0,0,1.31,No,Crédito educativo,35,16,3.17,90.5,61,0,0,No,No,,,,0.1501,No
EST-00747,2,22,Mujer,Boyacá,Urbana,2,Oficial,74,Diseño,Sí,24,0,1.65,No,Crédito educativo,49,18,3.7,82.8,85,0,2,No,No,16,13,81.2,0.2084,No
EST-00748,1,20,Hombre,Cundinamarca,Urbana,3,Oficial,17,Psicología,No,0,0,1.63,Sí,Beca / subsidio,14,16,2.78,85.2,70,0,0,No,No,,,,0.1373,No
EST-00749,1,21,Hombre,Bolívar,Rural,4,Privado,48,Negocios Internacionales,No,0,0,3.95,No,Recursos familiares,35,19,2.76,86.6,70,4,0,No,No,,,,0.4306,Sí
EST-00750,1,24,Mujer,Huila,Urbana,3,Oficial,48,Ingeniería de Sistemas,No,0,2,3.49,No,Beca / subsidio,39,17,4,90.3,78,0,0,Sí,No,,,,0.1265,Sí
EST-00751,2,22,Hombre,Huila,Rural,3,Oficial,63,Administración,Sí,11,0,2,No,Beca / subsidio,118,17,3.11,85.3,68,0,0,No,No,14,14,100,0.1226,No
EST-00752,2,24,Mujer,Cundinamarca,Urbana,5,Privado,58,Administración,No,0,0,9.36,No,Recursos familiares,70,15,2.76,77.7,71,0,1,No,No,16,15,93.8,0.2302,Sí
EST-00753,1,22,Mujer,Bogotá D.C.,Urbana,3,Oficial,47,Contaduría,No,0,2,2.06,No,Recursos familiares,86,19,3.09,86.6,69,0,0,No,No,,,,0.1573,No
EST-00754,2,22,Hombre,Cesar,Rural,3,Oficial,40,Comunicación,No,0,0,2.17,No,Beca / subsidio,76,17,3.16,97.5,69,0,0,No,No,20,20,100,0.1011,No
EST-00755,1,18,Mujer,Cundinamarca,Urbana,3,Privado,63,Enfermería,No,0,0,3.86,Sí,Beca / subsidio,14,20,3.42,99,64,0,0,No,No,,,,0.0592,No
EST-00756,1,20,Mujer,Caldas,Urbana,3,Oficial,56,Ingeniería de Sistemas,No,0,0,1.72,No,Recursos familiares,20,16,2.83,87.5,51,1,0,No,No,,,,0.1597,No
EST-00757,1,18,Mujer,Huila,Urbana,3,Privado,68,Administración,No,0,0,3.12,No,Recursos familiares,5,16,3.6,100,73,4,0,No,No,,,,0.2114,No
EST-00758,2,18,Mujer,Bogotá D.C.,Urbana,2,Oficial,73,Comunicación,No,0,0,1.87,Sí,Mixto,29,18,3.58,100,76,0,0,No,No,18,18,100,0.043,No
EST-00759,1,19,Mujer,Nariño,Rural,4,Oficial,30,Diseño,No,0,0,4.58,No,Crédito educativo,102,19,2.8,80.7,50,0,0,No,No,,,,0.2327,No
EST-00760,1,20,Mujer,Bolívar,Urbana,3,Oficial,56,Ingeniería de Sistemas,No,0,0,2.31,No,Recursos familiares,27,15,3.87,96.5,79,0,0,No,No,,,,0.0938,No
EST-00761,2,18,Mujer,Meta,Urbana,3,Oficial,70,Enfermería,No,0,0,3.3,Sí,Mixto,18,18,3.46,97,77,0,0,No,No,18,18,100,0.0396,Sí
EST-00762,1,20,Hombre,Bolívar,Urbana,2,Oficial,18,Administración,No,0,0,1.46,No,Crédito educativo,49,19,3.13,85.7,91,0,0,No,No,,,,0.1097,No
EST-00763,1,30,Mujer,Tolima,Rural,2,Oficial,45,Comunicación,Sí,36,1,0.7,Sí,Mixto,98,15,2.94,91.8,43,0,1,No,No,,,,0.3827,No
EST-00764,1,22,Mujer,Quindío,Rural,4,Privado,49,Administración,No,0,0,2.62,No,Recursos familiares,132,18,3.72,94.7,80,0,0,No,No,,,,0.1327,No
EST-00765,1,19,Hombre,Bogotá D.C.,Urbana,1,Privado,53,Derecho,Sí,5,0,0.82,No,Mixto,47,18,3.83,96.5,86,0,0,No,Sí,,,,0.0647,No
EST-00766,1,32,Mujer,Bogotá D.C.,Urbana,3,Oficial,74,Negocios Internacionales,Sí,24,1,3.34,No,Mixto,42,15,3.37,87.6,71,0,0,No,No,,,,0.1352,No
EST-00767,1,21,Mujer,Bogotá D.C.,Urbana,2,Oficial,36,Derecho,No,0,0,2.76,Sí,Beca / subsidio,30,17,3.71,86.9,78,0,0,Sí,No,,,,0.0834,No
EST-00768,1,17,Mujer,Bolívar,Urbana,2,Oficial,56,Contaduría,No,0,0,1.43,No,Recursos familiares,13,18,3.03,93.7,34,0,0,No,No,,,,0.1996,No
EST-00769,1,21,Hombre,Quindío,Urbana,4,Privado,72,Enfermería,No,0,0,4.59,No,Recursos familiares,52,17,3.17,92.3,81,0,0,No,Sí,,,,0.0887,No
EST-00770,1,23,Hombre,Atlántico,Rural,1,Oficial,40,Psicología,Sí,25,0,1.07,No,Recursos familiares,66,16,4.07,90,96,0,0,Sí,No,,,,0.2163,No
EST-00771,2,21,Mujer,Meta,Urbana,3,Oficial,45,Psicología,No,0,0,1.8,Sí,Mixto,45,19,3.74,100,54,0,0,Sí,No,18,17,94.4,0.0544,No
EST-00772,2,17,Mujer,Cesar,Urbana,2,Oficial,51,Psicología,No,0,0,1.75,No,Crédito educativo,38,16,3.66,94.5,60,0,0,Sí,No,18,18,100,0.192,No
EST-00773,1,22,Mujer,Antioquia,Urbana,3,Oficial,73,Enfermería,No,0,0,2.43,No,Mixto,37,16,3.81,86,76,0,0,No,No,,,,0.0658,No
EST-00774,1,19,Mujer,Atlántico,Urbana,2,Oficial,56,Negocios Internacionales,No,0,0,1.25,No,Mixto,40,16,2.95,85.6,78,1,1,Sí,No,,,,0.392,No
EST-00775,2,18,Mujer,Valle del Cauca,Urbana,3,Oficial,58,Administración,No,0,0,1.8,No,Crédito educativo,11,15,2.75,87.9,53,1,0,No,No,16,15,93.8,0.1578,No
EST-00776,1,18,Mujer,Cundinamarca,Urbana,3,Oficial,45,Ingeniería Industrial,No,0,0,1.95,Sí,Beca / subsidio,62,17,3.62,89.4,64,0,0,No,No,,,,0.0218,No
EST-00777,2,21,Mujer,Bolívar,Urbana,5,Privado,70,Ingeniería Industrial,No,0,0,9.31,No,Recursos familiares,55,15,3.64,89.4,62,0,0,No,No,18,18,100,0.0828,No
EST-00778,1,18,Hombre,Bogotá D.C.,Urbana,1,Oficial,25,Enfermería,Sí,4,0,0.97,No,Mixto,43,17,3.39,84.9,60,0,0,No,No,,,,0.0593,No
EST-00779,2,20,Hombre,Valle del Cauca,Urbana,3,Oficial,51,Ingeniería de Sistemas,No,0,0,2.32,Sí,Mixto,44,18,2.89,95.9,40,0,0,No,No,18,18,100,0.0618,No
EST-00780,2,19,Mujer,Santander,Urbana,3,Oficial,43,Diseño,No,0,0,1.3,No,Beca / subsidio,32,20,2.99,96.8,70,0,0,No,No,18,18,100,0.1,No
EST-00781,1,20,Mujer,Magdalena,Urbana,2,Privado,50,Ingeniería de Sistemas,Sí,13,0,1.39,No,Recursos familiares,64,17,3.35,93.5,82,0,0,No,No,,,,0.0741,Sí
EST-00782,2,21,Mujer,Boyacá,Urbana,2,Privado,78,Psicología,Sí,32,0,0.87,No,Mixto,5,20,2.85,77.8,55,0,1,No,No,18,16,88.9,0.2904,No
EST-00783,1,25,Hombre,Valle del Cauca,Urbana,3,Privado,45,Comunicación,No,0,0,2.88,No,Crédito educativo,14,18,2.86,94.1,73,0,1,No,No,,,,0.1654,No
EST-00784,1,17,Mujer,Antioquia,Urbana,3,Oficial,29,Psicología,No,0,0,1.8,No,Mixto,38,19,3.44,94.6,80,0,0,No,Sí,,,,0.0815,No
EST-00785,1,24,Hombre,Antioquia,Urbana,4,Privado,56,Contaduría,Sí,9,0,2.7,Sí,Beca / subsidio,36,19,2.87,100,80,0,0,No,No,,,,0.0991,No
EST-00786,2,22,Hombre,Bogotá D.C.,Urbana,3,Privado,73,Comunicación,No,0,0,2.9,No,Recursos familiares,54,17,3.56,88.4,74,1,0,No,Sí,16,14,87.5,0.0745,No
EST-00787,2,21,Mujer,Huila,Urbana,2,Oficial,39,Administración,No,0,0,1.31,Sí,Beca / subsidio,35,20,3.57,88.9,53,0,1,No,No,20,19,95,0.031,No
EST-00788,2,25,Hombre,Valle del Cauca,Urbana,1,Oficial,66,Diseño,No,0,0,0.99,No,Crédito educativo,58,19,3.7,99.6,91,0,0,No,No,18,18,100,0.0753,No
EST-00789,1,18,Mujer,Bogotá D.C.,Urbana,4,Oficial,21,Administración,No,0,0,4.41,No,Recursos familiares,65,16,3.51,88,50,0,0,No,No,,,,0.0658,No
EST-00790,2,22,Hombre,Antioquia,Rural,3,Oficial,56,Comunicación,No,0,0,2.25,No,Recursos familiares,44,20,3.37,84.3,71,0,1,No,No,14,13,92.9,0.0419,No
EST-00791,1,19,Hombre,Boyacá,Urbana,2,Oficial,57,Derecho,No,0,0,1.13,No,Recursos familiares,48,18,3.48,94.3,52,1,0,No,No,,,,0.1511,No
EST-00792,2,23,Hombre,Bogotá D.C.,Urbana,3,Oficial,50,Negocios Internacionales,Sí,32,0,2.65,No,Crédito educativo,51,20,3.6,83.7,87,2,1,No,No,18,13,72.2,0.2262,Sí
EST-00793,2,24,Hombre,Santander,Urbana,4,Oficial,42,Diseño,No,0,0,5.36,No,Beca / subsidio,28,18,3.23,87.8,95,1,0,No,No,14,13,92.9,0.0735,No
EST-00794,2,19,Hombre,Cundinamarca,Urbana,2,Oficial,45,Comunicación,No,0,0,1.62,No,Mixto,19,17,3.48,94.2,48,0,1,No,No,20,19,95,0.093,No
EST-00795,1,19,Hombre,Cauca,Urbana,3,Oficial,52,Comunicación,Sí,12,0,3.13,No,Recursos familiares,45,16,3.12,84.3,79,0,0,No,No,,,,0.1128,No
EST-00796,1,18,Hombre,Antioquia,Urbana,3,Oficial,41,Comunicación,No,0,0,2.64,No,Recursos familiares,93,17,2.75,77.1,63,0,0,No,No,,,,0.2102,No
EST-00797,1,19,Hombre,Bogotá D.C.,Urbana,3,Oficial,81,Ingeniería Industrial,No,0,0,2.09,No,Recursos familiares,54,20,3.91,92.8,80,0,0,No,No,,,,0.0473,No
EST-00798,2,16,Hombre,Antioquia,Urbana,2,Oficial,76,Administración,No,0,0,1.78,Sí,Recursos familiares,58,18,3.94,88,59,0,0,No,No,20,19,95,0.0565,No
EST-00799,1,20,Mujer,Valle del Cauca,Urbana,3,Oficial,58,Enfermería,No,0,0,3.59,No,Recursos familiares,50,17,2.9,86.3,53,0,0,No,No,,,,0.1387,Sí
EST-00800,2,19,Mujer,Valle del Cauca,Rural,1,Oficial,69,Contaduría,No,0,0,0.55,Sí,Mixto,32,20,3.08,91.5,80,0,0,No,No,18,17,94.4,0.0597,No
EST-00801,1,19,Mujer,Otro,Rural,2,Oficial,48,Derecho,No,0,0,0.79,Sí,Mixto,70,19,3.32,90,47,0,0,No,No,,,,0.0629,No
EST-00802,1,25,Hombre,Bogotá D.C.,Urbana,3,Privado,44,Derecho,No,0,3,1.81,No,Recursos familiares,44,16,3.8,100,80,0,0,No,No,,,,0.1379,Sí
EST-00803,2,19,Mujer,Santander,Urbana,2,Privado,98,Negocios Internacionales,No,0,0,3.69,Sí,Beca / subsidio,52,19,4.06,94.9,90,0,0,Sí,Sí,18,18,100,0.03,No
EST-00804,2,18,Mujer,Boyacá,Urbana,3,Privado,38,Contaduría,No,0,0,2.31,Sí,Beca / subsidio,13,18,3.22,82.3,58,1,2,No,No,20,16,80,0.1192,No
EST-00805,1,18,Mujer,Bolívar,Urbana,2,Oficial,57,Administración,No,0,0,1.09,No,Crédito educativo,5,18,3.29,96,79,0,0,Sí,No,,,,0.2136,Sí
EST-00806,2,20,Hombre,Bogotá D.C.,Urbana,3,Oficial,42,Psicología,No,0,0,2.8,No,Beca / subsidio,31,18,3.47,92.7,88,0,0,No,No,18,18,100,0.0401,Sí
EST-00807,1,18,Mujer,Valle del Cauca,Urbana,1,Oficial,76,Ingeniería de Sistemas,No,0,0,0.83,No,Recursos familiares,53,16,4.02,94.4,90,0,2,Sí,No,,,,0.1684,No
EST-00808,1,18,Hombre,Atlántico,Urbana,2,Oficial,78,Negocios Internacionales,No,0,0,2.23,No,Beca / subsidio,19,18,3.49,84.9,71,2,0,No,No,,,,0.1468,No
EST-00809,2,19,Mujer,Tolima,Urbana,4,Privado,72,Enfermería,No,0,0,3.94,No,Crédito educativo,33,19,4,95.8,81,0,0,No,No,20,20,100,0.068,No
EST-00810,2,17,Hombre,Antioquia,Urbana,3,Oficial,52,Administración,No,0,0,2.47,No,Crédito educativo,31,17,3.16,100,78,0,0,No,No,16,15,93.8,0.1005,No
EST-00811,2,19,Hombre,Norte de Santander,Urbana,1,Oficial,58,Comunicación,No,0,0,1.43,Sí,Mixto,63,15,2.8,73.7,65,1,0,No,Sí,20,18,90,0.1219,No
EST-00812,2,19,Hombre,Córdoba,Urbana,5,Privado,67,Negocios Internacionales,Sí,27,0,6.16,No,Beca / subsidio,39,20,3.28,85.6,67,0,0,No,No,18,18,100,0.0629,No
EST-00813,2,24,Mujer,Atlántico,Rural,4,Privado,27,Comunicación,Sí,27,0,3.2,Sí,Recursos familiares,106,18,2.34,83.3,58,1,1,No,No,18,15,83.3,0.3389,Sí
EST-00814,2,21,Mujer,Antioquia,Urbana,1,Oficial,60,Psicología,Sí,23,0,0.8,No,Crédito educativo,75,17,3.67,88.5,65,0,0,Sí,Sí,18,18,100,0.1922,No
EST-00815,1,32,Mujer,Córdoba,Urbana,3,Oficial,51,Ingeniería de Sistemas,Sí,29,1,2.21,No,Crédito educativo,58,15,3.33,91.8,86,0,0,No,No,,,,0.1997,No
EST-00816,1,24,Hombre,Bogotá D.C.,Urbana,2,Oficial,41,Psicología,No,0,0,0.98,No,Crédito educativo,63,16,3.62,89.1,74,0,0,No,No,,,,0.1251,Sí
EST-00817,2,24,Hombre,Cauca,Urbana,2,Oficial,50,Psicología,Sí,39,1,1.11,Sí,Crédito educativo,5,16,3.02,90.2,69,0,0,Sí,Sí,20,19,95,0.1257,No
EST-00818,2,24,Hombre,Córdoba,Rural,2,Oficial,58,Psicología,No,0,0,1.53,Sí,Recursos familiares,139,18,3.99,92.1,81,0,0,Sí,No,18,18,100,0.0734,No
EST-00819,1,19,Mujer,Valle del Cauca,Urbana,3,Privado,4,Comunicación,No,0,0,2.19,No,Beca / subsidio,33,19,2.65,70.7,54,1,0,No,Sí,,,,0.2473,No
EST-00820,2,18,Hombre,Bogotá D.C.,Urbana,1,Oficial,25,Negocios Internacionales,Sí,24,0,0.67,Sí,Beca / subsidio,81,19,3.12,82.7,68,2,0,No,No,16,12,75,0.1958,Sí
EST-00821,2,17,Mujer,Bogotá D.C.,Urbana,2,Privado,49,Psicología,Sí,16,0,1.65,No,Crédito educativo,85,18,3.58,88.6,61,0,0,No,No,18,18,100,0.1511,No
EST-00822,1,22,Hombre,Otro,Urbana,2,Oficial,22,Ingeniería Industrial,No,0,0,2.7,No,Crédito educativo,46,18,2.8,88.5,47,0,0,Sí,No,,,,0.2757,Sí
EST-00823,1,18,Hombre,Risaralda,Urbana,4,Privado,41,Ingeniería de Sistemas,No,0,0,6.41,No,Recursos familiares,57,14,3.67,90.3,73,0,0,No,No,,,,0.0983,No
EST-00824,1,17,Mujer,Valle del Cauca,Urbana,2,Privado,93,Diseño,No,0,0,1.9,No,Crédito educativo,39,15,3.95,94.3,84,0,0,No,No,,,,0.0999,No
EST-00825,2,24,Mujer,Antioquia,Urbana,1,Oficial,70,Contaduría,Sí,22,3,1.57,No,Mixto,5,17,3.16,90.8,72,0,0,No,No,20,20,100,0.1697,Sí
EST-00826,1,19,Hombre,Bogotá D.C.,Urbana,2,Privado,54,Psicología,No,0,0,1.18,Sí,Beca / subsidio,29,18,3.36,93,72,0,0,Sí,No,,,,0.0988,No
EST-00827,1,19,Hombre,Valle del Cauca,Urbana,2,Oficial,39,Contaduría,Sí,14,0,1.38,No,Crédito educativo,44,20,3.33,86.5,60,0,0,Sí,No,,,,0.2163,No
EST-00828,1,19,Mujer,Cesar,Urbana,3,Oficial,59,Ingeniería Industrial,No,0,0,3.58,No,Recursos familiares,40,18,3.75,99,63,0,0,No,No,,,,0.0723,No
EST-00829,1,23,Mujer,Tolima,Urbana,3,Oficial,69,Administración,No,0,0,2.24,No,Mixto,43,18,4.27,99.4,79,0,0,No,No,,,,0.056,No
EST-00830,1,20,Hombre,Risaralda,Urbana,3,Privado,36,Ingeniería de Sistemas,No,0,0,1.99,Sí,Beca / subsidio,21,20,4.08,87.2,100,0,0,No,No,,,,0.045,No
EST-00831,1,18,Hombre,Cundinamarca,Urbana,2,Oficial,35,Negocios Internacionales,No,0,1,2.11,Sí,Beca / subsidio,37,19,3.18,87.5,50,0,0,Sí,No,,,,0.164,No
EST-00832,1,18,Mujer,Caldas,Rural,4,Oficial,52,Ingeniería de Sistemas,No,0,0,5.3,No,Crédito educativo,24,17,3.43,88.1,79,0,0,No,No,,,,0.0992,No
EST-00833,2,20,Mujer,Valle del Cauca,Urbana,3,Privado,91,Ingeniería de Sistemas,No,0,0,2.6,No,Recursos familiares,53,19,3.57,89.8,80,0,0,No,No,18,18,100,0.0483,No
EST-00834,2,20,Mujer,Magdalena,Urbana,3,Oficial,60,Diseño,No,0,0,2.18,No,Crédito educativo,32,18,3.34,89.8,65,0,0,No,No,18,18,100,0.0616,No
EST-00835,2,20,Mujer,Antioquia,Rural,1,Oficial,46,Diseño,No,0,0,0.77,No,Crédito educativo,66,19,2.61,96,54,1,0,Sí,No,16,13,81.2,0.4687,No
EST-00836,2,17,Mujer,Bogotá D.C.,Urbana,2,Oficial,81,Negocios Internacionales,Sí,14,0,1.23,Sí,Beca / subsidio,12,16,4.08,100,69,0,0,No,No,18,18,100,0.0342,No
EST-00837,1,19,Hombre,Bogotá D.C.,Urbana,2,Oficial,38,Contaduría,No,0,0,1.19,No,Crédito educativo,52,14,3.13,85.9,82,0,0,No,No,,,,0.1504,No
EST-00838,1,19,Mujer,Atlántico,Urbana,3,Privado,38,Derecho,Sí,18,0,3.96,No,Crédito educativo,34,17,3.14,88.6,83,2,1,No,No,,,,0.2761,No
EST-00839,1,20,Hombre,Atlántico,Urbana,3,Oficial,38,Psicología,No,0,0,2.49,No,Recursos familiares,30,18,2.7,86,58,1,2,No,No,,,,0.2979,Sí
EST-00840,2,19,Mujer,Boyacá,Rural,6,Privado,78,Ingeniería Industrial,No,0,0,5.48,No,Recursos familiares,76,20,3.29,88,89,0,1,No,No,18,16,88.9,0.0914,No
EST-00841,1,20,Hombre,Cundinamarca,Urbana,1,Oficial,62,Administración,No,0,1,0.53,No,Crédito educativo,29,20,2.45,91.6,59,1,0,No,No,,,,0.3175,Sí
EST-00842,2,19,Hombre,Risaralda,Rural,1,Oficial,30,Negocios Internacionales,No,0,0,0.77,No,Mixto,66,14,3.61,91.1,46,0,0,No,No,16,15,93.8,0.103,Sí
EST-00843,1,17,Hombre,Cauca,Urbana,2,Privado,35,Derecho,No,0,0,1.57,No,Beca / subsidio,36,16,3.97,91.5,86,0,0,No,Sí,,,,0.0776,No
EST-00844,2,20,Mujer,Antioquia,Urbana,2,Privado,40,Diseño,No,0,0,2.6,No,Crédito educativo,5,16,3.04,86.9,86,0,0,No,No,16,16,100,0.0822,No
EST-00845,1,18,Hombre,Cundinamarca,Urbana,2,Privado,70,Ingeniería de Sistemas,No,0,0,1.88,No,Recursos familiares,41,16,3.04,85.1,67,0,0,No,No,,,,0.1698,No
EST-00846,1,20,Hombre,Bolívar,Urbana,2,Oficial,35,Derecho,No,0,0,1.64,No,Recursos familiares,38,19,3.03,88.2,90,0,0,No,No,,,,0.1145,No
EST-00847,2,19,Mujer,Otro,Urbana,3,Privado,77,Administración,No,0,1,2.48,No,Recursos familiares,38,18,2.97,94.4,71,0,0,No,No,18,18,100,0.1186,No
EST-00848,2,19,Hombre,Otro,Urbana,1,Oficial,45,Psicología,No,0,0,0.88,No,Mixto,67,18,3.19,84.3,74,0,0,Sí,No,18,18,100,0.2342,No
EST-00849,1,18,Mujer,Bogotá D.C.,Urbana,2,Oficial,56,Comunicación,No,0,0,1.49,No,Crédito educativo,65,18,3.6,90,99,0,0,No,No,,,,0.1453,No
EST-00850,2,18,Mujer,Nariño,Urbana,1,Oficial,25,Ingeniería Industrial,No,0,0,1.3,No,Mixto,21,19,3.66,100,69,0,0,No,No,18,18,100,0.0585,No
EST-00851,1,22,Hombre,Bogotá D.C.,Urbana,4,Privado,84,Psicología,Sí,37,0,3.69,No,Crédito educativo,39,16,3.23,76.6,68,0,0,Sí,No,,,,0.2795,Sí
EST-00852,1,19,Hombre,Otro,Urbana,3,Oficial,35,Ingeniería Industrial,No,0,0,2.82,No,Mixto,44,18,4.21,96.8,86,0,0,No,No,,,,0.0646,No
EST-00853,1,19,Mujer,Valle del Cauca,Urbana,2,Oficial,34,Negocios Internacionales,No,0,0,1.11,No,Crédito educativo,58,18,3.6,90.1,82,0,0,No,No,,,,0.1339,No
EST-00854,2,20,Hombre,Bolívar,Urbana,3,Oficial,52,Derecho,No,0,1,1.88,No,Mixto,22,15,2.42,92.5,73,1,0,No,No,16,14,87.5,0.1913,No
EST-00855,1,17,No binario / otro,Cauca,Urbana,2,Privado,56,Ingeniería Industrial,No,0,0,1.71,Sí,Mixto,36,19,2.66,85,59,0,0,No,No,,,,0.1495,No
EST-00856,1,19,Mujer,Tolima,Urbana,2,Privado,22,Ingeniería Industrial,Sí,25,0,1.35,Sí,Mixto,49,20,3.17,75.8,62,0,0,No,No,,,,0.1685,No
EST-00857,2,20,Mujer,Bogotá D.C.,Urbana,1,Oficial,41,Negocios Internacionales,Sí,31,0,0.53,No,Crédito educativo,40,18,3.32,85.2,66,1,2,No,No,18,14,77.8,0.2688,Sí
EST-00858,1,20,Hombre,Bogotá D.C.,Urbana,2,Privado,46,Negocios Internacionales,Sí,33,0,2.25,Sí,Beca / subsidio,36,16,3.35,91.7,80,0,0,No,No,,,,0.0558,No
EST-00859,1,23,Mujer,Norte de Santander,Urbana,4,Privado,58,Administración,No,0,1,5.44,No,Crédito educativo,13,18,4.04,90.3,69,0,0,Sí,No,,,,0.0856,No
EST-00860,1,18,Hombre,Bolívar,Urbana,3,Oficial,73,Administración,No,0,0,1.14,No,Recursos familiares,50,17,2.92,81.1,53,0,0,No,No,,,,0.1183,Sí
EST-00861,1,17,Hombre,Valle del Cauca,Urbana,2,Privado,49,Psicología,No,0,0,1.21,No,Recursos familiares,57,16,3.28,92.4,72,0,1,No,No,,,,0.1499,No
EST-00862,2,19,Mujer,Bogotá D.C.,Urbana,1,Oficial,70,Ingeniería Industrial,Sí,14,0,0.85,Sí,Crédito educativo,68,16,3.07,88,66,0,0,No,No,18,18,100,0.0743,No
EST-00863,1,21,Hombre,Cauca,Urbana,3,Oficial,65,Ingeniería Industrial,No,0,0,2.08,No,Beca / subsidio,33,18,3.91,100,90,0,0,No,No,,,,0.0545,No
EST-00864,1,18,Mujer,Bogotá D.C.,Urbana,3,Privado,52,Enfermería,No,0,0,2.16,No,Mixto,36,16,3.56,98.8,75,2,0,No,No,,,,0.1412,No
EST-00865,1,21,Hombre,Córdoba,Urbana,3,Oficial,44,Negocios Internacionales,No,0,1,3.06,No,Recursos familiares,50,18,3.14,92.5,60,1,0,No,Sí,,,,0.1405,No
EST-00866,2,22,Mujer,Meta,Rural,1,Oficial,44,Ingeniería Industrial,Sí,17,0,0.75,No,Crédito educativo,54,20,3.37,82.2,63,0,0,Sí,No,16,16,100,0.255,No
EST-00867,1,18,Mujer,Nariño,Urbana,2,Oficial,45,Comunicación,Sí,19,0,0.87,Sí,Mixto,18,17,3.68,86.3,70,0,1,No,No,,,,0.0805,No
EST-00868,2,20,Hombre,Santander,Urbana,3,Oficial,36,Ingeniería de Sistemas,No,0,0,4.52,No,Recursos familiares,5,18,3.91,93.1,59,0,1,No,No,14,13,92.9,0.0124,No
EST-00869,1,20,Hombre,Tolima,Urbana,3,Oficial,14,Ingeniería Industrial,No,0,0,2.71,No,Recursos familiares,30,17,3.72,95.6,66,0,0,No,No,,,,0.085,No
EST-00870,2,24,Hombre,Bolívar,Urbana,2,Privado,71,Ingeniería de Sistemas,Sí,10,0,1.07,No,Crédito educativo,5,18,3.43,99.5,83,0,0,Sí,No,18,18,100,0.1865,No
EST-00871,1,19,Hombre,Valle del Cauca,Urbana,4,Privado,63,Administración,No,0,0,4.25,No,Recursos familiares,17,16,3.04,91.9,81,0,0,No,No,,,,0.1116,No
EST-00872,1,21,Hombre,Caldas,Urbana,4,Privado,62,Psicología,No,0,0,4.08,No,Crédito educativo,54,16,3.17,83.1,70,0,0,No,No,,,,0.1432,No
EST-00873,2,19,Hombre,Santander,Rural,1,Oficial,57,Ingeniería Industrial,Sí,32,0,0.45,Sí,Mixto,78,18,3.33,83.5,56,0,2,No,Sí,18,16,88.9,0.091,No
EST-00874,1,21,Hombre,Córdoba,Urbana,1,Oficial,77,Ingeniería de Sistemas,Sí,27,0,1.26,Sí,Beca / subsidio,17,16,3.04,83.5,64,1,1,No,No,,,,0.1799,No
EST-00875,2,20,Mujer,Cundinamarca,Urbana,2,Oficial,80,Ingeniería de Sistemas,No,0,0,1.17,Sí,Beca / subsidio,49,18,3.27,89.7,78,0,1,No,No,16,16,100,0.0504,No
EST-00876,2,20,Hombre,Antioquia,Urbana,2,Oficial,38,Contaduría,Sí,6,0,2.17,No,Recursos familiares,45,14,3.35,94.2,69,0,0,No,No,18,18,100,0.0836,No
EST-00877,1,18,Hombre,Valle del Cauca,Urbana,2,Oficial,49,Contaduría,No,0,0,2.1,No,Crédito educativo,31,14,3.38,81.5,72,0,0,No,No,,,,0.1268,Sí
EST-00878,2,19,Mujer,Bolívar,Urbana,5,Privado,65,Derecho,No,0,0,9.11,Sí,Recursos familiares,25,18,4.25,100,81,0,1,No,No,16,15,93.8,0.0446,No
EST-00879,1,20,Mujer,Cauca,Urbana,4,Privado,44,Ingeniería de Sistemas,Sí,19,0,7.19,No,Recursos familiares,60,16,3.54,90.7,83,0,0,No,No,,,,0.0928,No
EST-00880,1,25,Hombre,Tolima,Urbana,5,Oficial,3,Administración,Sí,26,0,4.42,No,Mixto,24,20,3,98.2,74,0,1,No,No,,,,0.1861,No
EST-00881,1,27,Mujer,Atlántico,Rural,2,Oficial,72,Diseño,No,0,1,0.85,Sí,Recursos familiares,46,18,3.36,89.1,100,0,0,No,No,,,,0.1518,No
EST-00882,1,20,Hombre,Magdalena,Urbana,3,Oficial,62,Negocios Internacionales,No,0,0,1.66,No,Mixto,36,20,4.13,90.2,95,0,0,No,No,,,,0.0508,No
EST-00883,1,16,Mujer,Cesar,Urbana,3,Privado,59,Ingeniería de Sistemas,No,0,0,2.37,No,Mixto,31,17,3.69,93.8,86,0,0,No,No,,,,0.0444,No
EST-00884,2,18,Hombre,Magdalena,Urbana,3,Oficial,56,Ingeniería Industrial,No,0,0,2.98,No,Crédito educativo,28,18,3.36,100,54,0,0,No,No,18,17,94.4,0.0576,No
EST-00885,2,23,Hombre,Bogotá D.C.,Urbana,4,Privado,66,Psicología,No,0,0,2.99,No,Recursos familiares,44,18,4,93.1,88,0,0,No,No,14,14,100,0.01,No
EST-00886,2,17,Mujer,Bogotá D.C.,Urbana,2,Privado,82,Psicología,No,0,0,0.85,No,Recursos familiares,36,18,3.35,86.8,87,0,0,No,No,16,16,100,0.0987,No
EST-00887,2,20,Hombre,Valle del Cauca,Urbana,4,Privado,37,Enfermería,Sí,12,0,3.59,No,Recursos familiares,57,14,4.12,91.8,94,0,0,No,No,18,18,100,0.0295,No
EST-00888,2,19,No binario / otro,Valle del Cauca,Urbana,1,Oficial,36,Negocios Internacionales,No,0,0,1.54,Sí,Recursos familiares,45,18,2.95,84.8,73,0,0,No,No,16,15,93.8,0.0689,No
EST-00889,2,20,Mujer,Santander,Urbana,2,Oficial,49,Ingeniería de Sistemas,No,0,0,1.31,No,Crédito educativo,70,17,2.98,86.6,92,0,0,Sí,No,18,18,100,0.212,No
EST-00890,2,19,Hombre,Bogotá D.C.,Urbana,2,Oficial,61,Administración,No,0,0,2.05,No,Beca / subsidio,59,17,3.64,84.5,70,0,0,No,No,16,16,100,0.0571,No
EST-00891,2,16,Mujer,Valle del Cauca,Urbana,2,Oficial,35,Negocios Internacionales,No,0,0,1.8,No,Recursos familiares,11,18,3.34,90.5,73,0,0,No,No,18,18,100,0.0999,Sí
EST-00892,2,24,Hombre,Cundinamarca,Urbana,3,Oficial,36,Negocios Internacionales,No,0,0,2.73,No,Beca / subsidio,46,19,3.31,96.9,56,0,0,No,No,18,17,94.4,0.03,No
EST-00893,2,23,Mujer,Bogotá D.C.,Urbana,1,Oficial,26,Contaduría,No,0,0,0.95,No,Mixto,46,20,2.51,93.6,59,1,0,No,No,18,15,83.3,0.2385,No
EST-00894,1,19,Hombre,Cundinamarca,Urbana,2,Privado,66,Comunicación,No,0,0,2.55,No,Crédito educativo,45,16,3.51,98.3,78,0,0,No,No,,,,0.0963,No
EST-00895,2,24,Hombre,Bogotá D.C.,Urbana,2,Oficial,63,Administración,Sí,33,0,1.78,Sí,Recursos familiares,39,18,3.56,82.5,62,0,1,No,No,16,14,87.5,0.1163,No
EST-00896,1,19,Hombre,Bolívar,Urbana,2,Privado,51,Derecho,No,0,0,1.69,No,Crédito educativo,13,20,4.48,100,82,0,0,No,No,,,,0.0555,No
EST-00897,1,17,Hombre,Nariño,Rural,2,Oficial,43,Contaduría,No,0,0,1.32,Sí,Mixto,26,19,4.06,89.1,78,0,0,No,No,,,,0.0632,No
EST-00898,1,17,Hombre,Risaralda,Urbana,2,Oficial,46,Ingeniería Industrial,No,0,0,1.12,No,Beca / subsidio,18,16,4.45,100,84,0,2,No,No,,,,0.0852,No
EST-00899,2,19,Mujer,Antioquia,Urbana,2,Oficial,21,Ingeniería de Sistemas,No,0,0,1.29,No,Crédito educativo,61,18,2.9,77.7,77,2,1,No,No,18,13,72.2,0.2986,No
EST-00900,1,22,Mujer,Bogotá D.C.,Urbana,2,Oficial,46,Ingeniería de Sistemas,No,0,0,1.45,Sí,Mixto,44,16,2.93,83.7,81,0,0,No,No,,,,0.0778,No
EST-00901,2,16,No binario / otro,Córdoba,Urbana,1,Privado,72,Contaduría,No,0,0,0.94,Sí,Beca / subsidio,23,18,2.75,87.9,80,2,0,No,Sí,18,14,77.8,0.1937,No
EST-00902,2,20,Mujer,Atlántico,Urbana,2,Oficial,42,Contaduría,No,0,1,1.31,No,Mixto,29,20,4.26,93.4,85,0,0,Sí,No,18,17,94.4,0.0962,No
EST-00903,1,21,Hombre,Boyacá,Urbana,3,Oficial,50,Ingeniería Industrial,No,0,0,3.61,No,Crédito educativo,62,16,3.53,96.9,98,0,0,No,No,,,,0.0932,No
EST-00904,1,31,Hombre,Quindío,Urbana,2,Oficial,30,Contaduría,Sí,39,1,2.89,No,Crédito educativo,55,18,2.16,79.6,43,0,0,Sí,No,,,,0.7838,No
EST-00905,1,19,Hombre,Huila,Urbana,2,Oficial,3,Comunicación,No,0,0,2.31,No,Crédito educativo,29,16,2.53,86.2,35,1,0,No,Sí,,,,0.2947,No
EST-00906,1,19,Mujer,Valle del Cauca,Urbana,3,Oficial,23,Diseño,No,0,0,2.32,No,Beca / subsidio,44,16,3.21,97.7,73,0,0,No,No,,,,0.0809,Sí
EST-00907,2,20,Mujer,Antioquia,Urbana,2,Oficial,19,Administración,No,0,0,2.68,No,Recursos familiares,60,18,3.28,89,60,0,0,No,No,16,15,93.8,0.0677,No
EST-00908,2,19,Hombre,Bogotá D.C.,Urbana,2,Oficial,15,Psicología,No,0,0,1.24,Sí,Crédito educativo,30,18,3.47,83.1,87,0,0,Sí,No,20,19,95,0.0892,No
EST-00909,1,19,Hombre,Quindío,Urbana,2,Oficial,29,Psicología,No,0,0,1.22,No,Recursos familiares,26,17,3.47,91.9,66,0,0,No,No,,,,0.0839,No
EST-00910,2,20,Mujer,Nariño,Urbana,2,Privado,54,Ingeniería de Sistemas,No,0,0,1.76,Sí,Mixto,21,20,3.62,100,72,0,0,No,Sí,14,14,100,0.0493,No
EST-00911,2,20,Mujer,Risaralda,Urbana,4,Privado,75,Enfermería,No,0,0,5.57,Sí,Beca / subsidio,41,20,4.11,91.6,93,0,0,No,No,18,18,100,0.0195,No
EST-00912,2,19,Mujer,Antioquia,Rural,5,Privado,57,Comunicación,No,0,0,6.25,No,Recursos familiares,70,14,2.91,84.7,83,0,0,No,No,20,20,100,0.0664,No
EST-00913,1,20,Hombre,Cesar,Urbana,3,Oficial,32,Ingeniería de Sistemas,No,0,0,3.17,Sí,Beca / subsidio,37,15,3.35,88.4,71,0,0,No,No,,,,0.0687,No
EST-00914,2,21,No binario / otro,Bogotá D.C.,Urbana,3,Oficial,91,Diseño,Sí,8,0,1.25,Sí,Mixto,38,18,4.5,88.9,80,0,0,No,No,18,17,94.4,0.03,No
EST-00915,1,17,Mujer,Quindío,Urbana,3,Oficial,59,Administración,No,0,0,3.4,No,Crédito educativo,22,19,3.18,83.6,78,0,0,No,No,,,,0.1467,No
EST-00916,1,20,Hombre,Valle del Cauca,Urbana,4,Oficial,40,Ingeniería de Sistemas,No,0,0,4.46,No,Recursos familiares,48,15,2.69,88.7,60,0,0,No,No,,,,0.1463,No
EST-00917,2,20,Hombre,Santander,Urbana,2,Oficial,32,Ingeniería de Sistemas,No,0,0,1.94,No,Crédito educativo,55,17,3.27,88.7,87,0,0,No,No,18,18,100,0.0657,No
EST-00918,1,18,Hombre,Antioquia,Urbana,2,Oficial,40,Administración,No,0,0,0.99,Sí,Mixto,73,18,2.79,86.2,74,0,0,No,Sí,,,,0.1272,No
EST-00919,1,25,Mujer,Tolima,Urbana,1,Oficial,52,Contaduría,Sí,20,2,1.85,No,Crédito educativo,15,20,3.71,90.2,58,0,0,No,No,,,,0.2404,No
EST-00920,1,20,Hombre,Nariño,Urbana,2,Oficial,23,Negocios Internacionales,No,0,0,1.34,Sí,Beca / subsidio,29,16,3.57,88.4,66,0,0,No,No,,,,0.0745,Sí
EST-00921,1,20,Hombre,Cundinamarca,Urbana,3,Oficial,6,Ingeniería Industrial,No,0,0,2.89,Sí,Mixto,30,18,3.19,83.7,61,0,0,Sí,No,,,,0.1269,No
EST-00922,1,18,Hombre,Nariño,Urbana,2,Oficial,46,Negocios Internacionales,No,0,0,0.9,Sí,Beca / subsidio,30,17,2.98,86.5,87,0,0,No,No,,,,0.0942,No
EST-00923,2,20,Hombre,Antioquia,Urbana,3,Privado,10,Enfermería,No,0,0,2.6,No,Recursos familiares,34,18,3.14,89.1,68,0,0,No,No,18,18,100,0.0887,No
EST-00924,2,26,Mujer,Bogotá D.C.,Urbana,3,Privado,58,Administración,No,0,1,2.45,No,Recursos familiares,30,18,3.71,85.6,81,2,2,No,No,16,11,68.8,0.337,No
EST-00925,1,24,Hombre,Risaralda,Urbana,2,Privado,67,Derecho,No,0,0,1.78,No,Recursos familiares,32,18,3.32,90.9,69,0,0,No,Sí,,,,0.1023,Sí
EST-00926,1,24,Mujer,Atlántico,Urbana,1,Oficial,58,Negocios Internacionales,No,0,0,1.78,Sí,Mixto,64,18,3.29,87.6,95,0,0,No,No,,,,0.0684,No
EST-00927,1,20,Mujer,Antioquia,Urbana,2,Oficial,20,Ingeniería Industrial,No,0,0,2.12,No,Crédito educativo,53,17,2.93,87.8,51,2,1,No,Sí,,,,0.2999,Sí
EST-00928,2,21,Mujer,Valle del Cauca,Urbana,4,Privado,63,Ingeniería de Sistemas,Sí,33,0,4.99,No,Recursos familiares,6,16,2.72,87.1,64,1,1,No,No,16,14,87.5,0.2734,No
EST-00929,1,19,Mujer,Cauca,Urbana,2,Privado,47,Ingeniería Industrial,Sí,9,0,2.55,No,Recursos familiares,35,20,3.43,88.2,82,2,0,No,No,,,,0.1798,No
EST-00930,1,20,No binario / otro,Valle del Cauca,Rural,2,Oficial,15,Ingeniería Industrial,No,0,0,1.42,Sí,Beca / subsidio,105,18,2.81,80.6,51,0,0,No,No,,,,0.1262,No
EST-00931,2,19,Hombre,Cauca,Urbana,2,Privado,46,Ingeniería Industrial,No,0,0,1.88,No,Recursos familiares,42,18,2.31,83.8,53,1,0,No,No,20,17,85,0.1848,No
EST-00932,2,19,Mujer,Caldas,Urbana,2,Oficial,76,Ingeniería Industrial,Sí,6,0,1.74,No,Crédito educativo,48,17,4.07,94,67,0,0,Sí,No,18,18,100,0.1108,No
EST-00933,2,18,Mujer,Bogotá D.C.,Urbana,1,Oficial,65,Negocios Internacionales,No,0,0,1.18,No,Mixto,30,15,3.46,98.1,74,0,0,Sí,No,18,17,94.4,0.1624,No
EST-00934,2,17,Mujer,Valle del Cauca,Urbana,1,Oficial,33,Enfermería,Sí,22,0,1.19,No,Recursos familiares,47,18,2.82,82.7,78,1,0,No,No,16,14,87.5,0.1971,No
EST-00935,1,19,Hombre,Antioquia,Urbana,2,Privado,48,Psicología,Sí,18,0,2.24,Sí,Mixto,59,15,3.52,85.5,76,1,0,No,No,,,,0.129,No
EST-00936,1,20,Mujer,Caldas,Urbana,3,Oficial,44,Comunicación,No,0,0,2.45,No,Recursos familiares,35,17,3.82,90.2,69,0,0,No,No,,,,0.0399,No
EST-00937,2,17,Mujer,Tolima,Urbana,3,Privado,32,Derecho,No,0,0,2.93,No,Beca / subsidio,30,18,3.05,85.9,67,0,2,No,No,18,16,88.9,0.2009,No
EST-00938,2,23,Hombre,Huila,Urbana,3,Oficial,58,Ingeniería Industrial,Sí,29,0,2.58,Sí,Beca / subsidio,42,18,2.83,90.3,49,0,0,No,No,18,18,100,0.093,No
EST-00939,1,22,Mujer,Quindío,Urbana,2,Oficial,23,Ingeniería de Sistemas,No,0,0,1.16,No,Crédito educativo,43,17,3.32,87.1,67,0,0,No,No,,,,0.1064,No
EST-00940,1,18,Mujer,Bogotá D.C.,Urbana,1,Oficial,44,Administración,Sí,20,0,0.87,No,Crédito educativo,43,18,3.31,88.9,44,0,0,No,No,,,,0.1699,No
EST-00941,1,18,Mujer,Atlántico,Urbana,3,Oficial,44,Ingeniería de Sistemas,No,0,0,2.34,No,Beca / subsidio,46,14,3.24,86.9,63,0,0,No,No,,,,0.1164,No
EST-00942,2,20,Hombre,Bogotá D.C.,Urbana,3,Oficial,49,Contaduría,No,0,0,2.36,No,Recursos familiares,53,16,4.08,88.7,66,0,0,No,No,16,15,93.8,0.0619,No
EST-00943,1,18,Hombre,Boyacá,Urbana,4,Privado,74,Contaduría,No,0,0,3.35,Sí,Mixto,37,18,3.48,96,70,0,0,No,No,,,,0.0675,No
EST-00944,2,21,Mujer,Antioquia,Rural,2,Privado,42,Administración,No,0,0,0.73,No,Crédito educativo,68,19,3.44,85.8,70,0,0,No,No,16,16,100,0.1016,No
EST-00945,1,17,Mujer,Meta,Urbana,3,Oficial,24,Derecho,Sí,14,0,4.51,Sí,Mixto,75,18,3.11,91.9,76,0,0,No,No,,,,0.0683,No
EST-00946,1,21,Hombre,Meta,Urbana,2,Oficial,10,Derecho,Sí,20,0,1.03,Sí,Beca / subsidio,61,16,2.72,88.4,72,0,0,Sí,No,,,,0.2202,No
EST-00947,2,18,Mujer,Atlántico,Rural,2,Oficial,46,Diseño,No,0,0,1.53,No,Crédito educativo,82,18,3.31,89,80,0,0,No,No,16,16,100,0.1137,No
EST-00948,1,17,Mujer,Antioquia,Urbana,3,Oficial,42,Psicología,No,0,0,1.6,No,Crédito educativo,19,18,3.18,93.6,54,1,0,No,Sí,,,,0.1484,No
EST-00949,1,19,Hombre,Norte de Santander,Urbana,1,Oficial,88,Enfermería,Sí,24,0,0.77,No,Recursos familiares,79,20,3.18,80.5,85,1,0,Sí,No,,,,0.3902,No
EST-00950,2,18,Hombre,Bogotá D.C.,Urbana,2,Oficial,59,Enfermería,No,0,0,1.62,No,Crédito educativo,58,18,3.42,82.9,56,2,1,No,Sí,18,13,72.2,0.2449,No
EST-00951,2,19,Hombre,Cesar,Urbana,2,Oficial,22,Comunicación,No,0,0,2.62,No,Mixto,29,16,2.96,82.7,53,0,0,Sí,No,18,18,100,0.2435,No
EST-00952,1,17,Hombre,Cundinamarca,Urbana,2,Privado,49,Administración,No,0,0,1.37,Sí,Mixto,42,14,3.74,99,43,0,0,No,No,,,,0.0787,No
EST-00953,2,26,Hombre,Bogotá D.C.,Urbana,5,Privado,67,Ingeniería de Sistemas,Sí,6,0,5.45,Sí,Mixto,40,18,3.79,89.4,79,1,0,No,No,18,16,88.9,0.0713,No
EST-00954,1,19,Hombre,Bogotá D.C.,Urbana,1,Oficial,54,Ingeniería de Sistemas,No,0,0,0.91,Sí,Crédito educativo,41,17,3.54,88.3,67,0,0,Sí,No,,,,0.095,No
EST-00955,2,19,Hombre,Valle del Cauca,Urbana,5,Privado,69,Ingeniería de Sistemas,Sí,5,0,7.21,No,Beca / subsidio,66,14,3.39,90.7,73,0,0,No,No,18,18,100,0.0441,No
EST-00956,2,22,Mujer,Tolima,Urbana,4,Privado,68,Administración,No,0,0,2.81,No,Recursos familiares,60,17,3.12,93.6,71,0,0,No,No,16,16,100,0.0824,No
EST-00957,1,21,Hombre,Bogotá D.C.,Urbana,2,Privado,64,Derecho,No,0,2,1.6,Sí,Mixto,33,14,2.2,78.1,51,1,0,No,No,,,,0.2398,Sí
EST-00958,2,20,Hombre,Bogotá D.C.,Urbana,2,Oficial,48,Negocios Internacionales,Sí,18,0,0.92,No,Mixto,34,20,3.37,99.8,74,0,0,No,No,18,18,100,0.094,No
EST-00959,1,27,Mujer,Meta,Urbana,2,Oficial,48,Administración,Sí,28,1,1.62,Sí,Recursos familiares,71,19,2.85,79.5,77,0,0,Sí,No,,,,0.3963,No
EST-00960,2,16,Mujer,Santander,Rural,2,Oficial,47,Contaduría,Sí,19,0,0.99,No,Mixto,87,16,3.26,86.9,55,0,0,No,No,18,18,100,0.1407,Sí
EST-00961,1,18,Hombre,Valle del Cauca,Urbana,3,Oficial,64,Psicología,Sí,9,0,1.67,No,Beca / subsidio,35,18,3.74,100,73,0,0,No,No,,,,0.0683,No
EST-00962,1,19,Hombre,Huila,Urbana,1,Oficial,60,Administración,Sí,25,0,0.89,No,Recursos familiares,43,17,2.96,84,59,0,0,No,No,,,,0.1499,No
EST-00963,1,18,Mujer,Bolívar,Rural,2,Oficial,31,Administración,No,0,0,2.15,Sí,Beca / subsidio,84,20,3.03,89.2,74,0,0,No,No,,,,0.1419,No
EST-00964,2,19,Hombre,Antioquia,Rural,2,Privado,31,Ingeniería de Sistemas,No,0,0,1.01,No,Recursos familiares,44,15,4.09,96.1,83,0,0,No,No,16,16,100,0.041,No
EST-00965,1,22,Hombre,Antioquia,Urbana,2,Oficial,66,Administración,No,0,0,1.15,No,Mixto,7,20,3.7,82.7,72,0,0,No,No,,,,0.1139,Sí
EST-00966,1,19,Hombre,Norte de Santander,Urbana,2,Privado,67,Contaduría,No,0,0,1.62,No,Crédito educativo,35,16,3.56,88.4,87,0,0,No,No,,,,0.1306,No
EST-00967,2,31,Hombre,Bogotá D.C.,Urbana,4,Oficial,57,Psicología,No,0,0,3.33,No,Mixto,13,19,3.93,100,64,0,0,No,No,14,14,100,0.0172,No
EST-00968,1,21,Mujer,Santander,Urbana,3,Oficial,26,Ingeniería de Sistemas,No,0,0,2.09,Sí,Recursos familiares,67,18,4.14,93.6,81,0,0,No,No,,,,0.0326,No
EST-00969,1,21,Hombre,Cundinamarca,Urbana,3,Privado,63,Derecho,No,0,0,2.64,Sí,Beca / subsidio,62,16,3.84,94.6,74,0,1,No,No,,,,0.0548,No
EST-00970,1,23,Hombre,Cundinamarca,Urbana,1,Oficial,57,Derecho,No,0,0,1.31,No,Recursos familiares,63,16,3.33,95.2,81,0,0,Sí,No,,,,0.1911,No
EST-00971,2,19,Hombre,Valle del Cauca,Urbana,3,Oficial,11,Derecho,No,0,0,3.19,No,Recursos familiares,22,18,2.72,98.1,69,0,0,No,Sí,18,17,94.4,0.0774,No
EST-00972,1,22,Mujer,Caldas,Rural,2,Oficial,57,Derecho,No,0,0,0.76,Sí,Crédito educativo,64,18,3.01,74.5,56,1,0,No,Sí,,,,0.1675,No
EST-00973,2,18,Hombre,Magdalena,Urbana,2,Privado,68,Comunicación,No,0,1,1.61,No,Crédito educativo,5,18,2.75,100,60,0,2,No,No,18,15,83.3,0.2896,No
EST-00974,2,24,Hombre,Caldas,Urbana,2,Oficial,41,Administración,No,0,1,1.65,No,Mixto,13,16,3.57,89,67,1,0,No,No,16,13,81.2,0.1473,No
EST-00975,1,23,No binario / otro,Antioquia,Urbana,3,Oficial,64,Comunicación,No,0,0,2.15,No,Beca / subsidio,60,18,3.85,93.9,74,0,0,No,No,,,,0.0942,No
EST-00976,2,25,Hombre,Cundinamarca,Urbana,2,Privado,78,Contaduría,Sí,26,0,2.54,No,Crédito educativo,5,19,3.16,95.3,55,0,0,No,Sí,18,18,100,0.1793,No
EST-00977,2,23,Mujer,Bogotá D.C.,Urbana,3,Privado,45,Contaduría,Sí,27,0,4.31,No,Recursos familiares,77,15,3.14,83.3,71,0,0,No,No,18,18,100,0.107,No
EST-00978,2,17,Hombre,Bogotá D.C.,Urbana,3,Oficial,58,Derecho,No,0,1,3.04,No,Beca / subsidio,51,20,3.53,92.9,77,0,0,No,No,20,20,100,0.0431,No
EST-00979,2,17,Hombre,Atlántico,Urbana,2,Oficial,66,Psicología,Sí,13,0,2.29,Sí,Mixto,38,16,3.36,89,71,0,0,Sí,No,20,20,100,0.0919,No
EST-00980,2,18,Hombre,Bolívar,Urbana,4,Oficial,24,Negocios Internacionales,No,0,0,3.91,No,Recursos familiares,5,20,3.51,87.5,35,0,0,No,No,18,18,100,0.0766,No
EST-00981,2,26,Mujer,Norte de Santander,Urbana,2,Privado,74,Ingeniería Industrial,Sí,10,0,1.24,Sí,Recursos familiares,5,18,3.93,87.7,69,0,0,No,No,16,16,100,0.038,No
EST-00982,1,18,Hombre,Antioquia,Urbana,4,Oficial,55,Administración,Sí,8,0,6.03,No,Beca / subsidio,22,16,3.01,94.1,50,0,0,No,No,,,,0.0747,No
EST-00983,2,19,Mujer,Bogotá D.C.,Urbana,1,Oficial,46,Contaduría,No,0,0,0.49,No,Recursos familiares,54,18,2.93,93.7,56,0,0,No,No,20,19,95,0.1201,No
EST-00984,1,24,Mujer,Antioquia,Rural,1,Oficial,57,Diseño,No,0,0,1.31,No,Crédito educativo,103,18,2.94,87.8,33,0,0,Sí,No,,,,0.5041,No
EST-00985,2,20,Mujer,Bogotá D.C.,Urbana,3,Privado,38,Psicología,No,0,0,1.4,No,Recursos familiares,19,17,3.9,100,76,0,0,Sí,Sí,20,20,100,0.0485,No
EST-00986,1,28,Hombre,Bogotá D.C.,Urbana,1,Oficial,20,Ingeniería de Sistemas,Sí,27,0,0.5,No,Beca / subsidio,27,20,2.69,85.9,72,1,0,No,No,,,,0.3903,Sí
EST-00987,2,19,Hombre,Otro,Urbana,3,Oficial,89,Psicología,No,0,0,2.95,No,Mixto,31,17,4.15,97.1,68,0,0,No,No,14,14,100,0.0376,No
EST-00988,2,20,Hombre,Huila,Urbana,4,Privado,65,Derecho,No,0,0,5.75,No,Mixto,19,15,3.1,94.2,94,1,0,No,No,18,16,88.9,0.1308,No
EST-00989,2,24,Mujer,Tolima,Urbana,2,Privado,55,Derecho,No,0,0,1.6,Sí,Mixto,21,20,3.64,94.1,93,0,0,No,No,14,13,92.9,0.037,No
EST-00990,2,18,Hombre,Huila,Rural,4,Privado,50,Administración,No,0,0,4.23,Sí,Mixto,41,18,3.36,76.1,85,0,0,No,No,18,18,100,0.0523,No
EST-00991,2,17,Mujer,Antioquia,Urbana,1,Oficial,48,Contaduría,Sí,17,0,1.19,No,Recursos familiares,24,15,3.31,78.9,76,0,0,No,Sí,16,16,100,0.0779,No
EST-00992,2,21,Hombre,Norte de Santander,Rural,2,Oficial,23,Administración,No,0,0,1.49,Sí,Mixto,97,18,2.73,83.5,90,0,0,No,No,18,18,100,0.111,No
EST-00993,2,19,Mujer,Antioquia,Urbana,3,Oficial,67,Contaduría,No,0,0,3.14,No,Crédito educativo,5,17,4.2,89.9,85,0,0,No,No,18,18,100,0.0628,No
EST-00994,1,18,Mujer,Cauca,Urbana,3,Oficial,75,Ingeniería Industrial,No,0,0,2.12,No,Mixto,53,20,4.59,99.6,100,0,0,No,No,,,,0.039,No
EST-00995,2,20,Mujer,Bogotá D.C.,Urbana,3,Privado,62,Ingeniería de Sistemas,No,0,0,2.19,No,Recursos familiares,68,18,2.86,93.7,80,0,0,No,No,20,20,100,0.1284,No
EST-00996,2,17,Hombre,Huila,Rural,3,Oficial,44,Diseño,No,0,0,4,No,Crédito educativo,24,18,3.12,84.9,60,0,0,No,No,16,16,100,0.0908,Sí
EST-00997,1,17,Mujer,Otro,Urbana,2,Oficial,52,Psicología,Sí,38,0,1.12,Sí,Mixto,5,15,2.74,88.5,59,0,1,No,No,,,,0.2054,No
EST-00998,2,21,Mujer,Bolívar,Urbana,3,Privado,54,Contaduría,No,0,0,2.49,No,Crédito educativo,30,18,3.38,96.9,43,1,0,No,Sí,18,16,88.9,0.1119,No
EST-00999,2,19,Hombre,Cauca,Urbana,1,Privado,59,Enfermería,No,0,0,1.21,Sí,Mixto,32,18,2.86,84.1,83,3,0,No,No,16,9,56.2,0.2241,No
EST-01000,2,21,No binario / otro,Boyacá,Urbana,1,Oficial,18,Administración,Sí,29,0,0.78,No,Mixto,48,20,3.26,85,64,0,1,No,No,18,17,94.4,0.138,No
EST-01001,1,17,Hombre,Otro,Urbana,4,Privado,46,Contaduría,No,0,0,3.61,No,Crédito educativo,47,16,3.89,91.9,80,0,1,No,No,,,,0.1148,No
EST-01002,2,19,Mujer,Antioquia,Urbana,4,Privado,35,Comunicación,Sí,19,0,3.88,No,Beca / subsidio,16,16,2.73,81.6,70,0,0,No,No,18,18,100,0.147,No
EST-01003,2,18,Mujer,Bogotá D.C.,Urbana,1,Oficial,8,Ingeniería de Sistemas,No,0,0,1.1,No,Mixto,32,17,2.67,89.8,78,0,0,Sí,No,16,16,100,0.2691,Sí
EST-01004,2,17,Hombre,Magdalena,Urbana,3,Oficial,64,Derecho,No,0,0,2.66,No,Mixto,64,18,3.18,96,63,0,1,No,No,14,13,92.9,0.1338,Sí
EST-01005,1,19,Mujer,Cundinamarca,Urbana,3,Oficial,21,Contaduría,No,0,0,2.1,No,Mixto,39,18,2.23,87.1,57,0,2,No,No,,,,0.2183,No
EST-01006,2,20,Hombre,Santander,Urbana,3,Oficial,65,Ingeniería Industrial,No,0,0,3.05,No,Recursos familiares,27,18,3.51,100,57,0,0,No,No,20,20,100,0.0372,No
EST-01007,2,19,No binario / otro,Meta,Urbana,2,Oficial,33,Administración,No,0,1,1.52,No,Recursos familiares,36,17,3.68,100,98,1,0,No,No,18,15,83.3,0.1537,No
EST-01008,2,20,Hombre,Córdoba,Urbana,4,Oficial,96,Derecho,No,0,0,2.55,No,Crédito educativo,32,15,3.64,98.1,77,0,0,No,No,16,16,100,0.0721,No
EST-01009,1,17,Hombre,Bogotá D.C.,Urbana,3,Oficial,29,Enfermería,Sí,11,0,3.04,No,Mixto,91,16,2.87,86.5,60,3,0,No,No,,,,0.2974,No
EST-01010,1,22,Mujer,Bogotá D.C.,Urbana,2,Privado,49,Psicología,No,0,0,1.43,Sí,Recursos familiares,78,18,2.74,85.1,67,0,0,Sí,No,,,,0.203,No
EST-01011,1,20,Mujer,Cauca,Urbana,1,Oficial,73,Comunicación,Sí,29,0,0.45,Sí,Beca / subsidio,30,15,2.97,86.9,47,0,0,No,No,,,,0.1208,No
EST-01012,2,21,Mujer,Bogotá D.C.,Urbana,4,Privado,31,Enfermería,Sí,16,0,3.73,No,Recursos familiares,56,20,2.63,92.1,59,0,0,No,No,16,16,100,0.1701,No
EST-01013,2,21,Mujer,Cundinamarca,Urbana,2,Privado,45,Administración,Sí,15,0,1.23,No,Crédito educativo,22,20,4.32,96.1,69,0,1,No,No,18,17,94.4,0.0969,No
EST-01014,1,17,Hombre,Cundinamarca,Urbana,4,Privado,82,Administración,No,0,0,4.24,Sí,Beca / subsidio,7,15,3.69,82.9,76,0,0,No,No,,,,0.09,No
EST-01015,2,20,Mujer,Norte de Santander,Rural,2,Oficial,34,Diseño,No,0,0,1.2,Sí,Beca / subsidio,67,15,2.4,80.2,48,1,0,No,No,16,15,93.8,0.1443,No
EST-01016,2,19,Mujer,Bogotá D.C.,Urbana,1,Oficial,34,Contaduría,No,0,0,1.22,No,Recursos familiares,83,18,3.42,92.7,56,0,0,No,No,16,16,100,0.0837,Sí
EST-01017,1,21,Hombre,Antioquia,Urbana,2,Oficial,54,Derecho,No,0,0,2.25,No,Crédito educativo,52,18,3.27,85.3,76,0,0,No,No,,,,0.096,Sí
EST-01018,2,19,Hombre,Cundinamarca,Urbana,4,Privado,76,Ingeniería de Sistemas,No,0,0,2.57,No,Mixto,45,17,3.54,86.1,85,0,0,No,No,18,18,100,0.0554,No
EST-01019,1,20,Hombre,Huila,Urbana,3,Privado,54,Administración,No,0,0,2.75,No,Crédito educativo,48,14,3.34,92.8,65,1,0,No,No,,,,0.127,Sí
EST-01020,1,21,Hombre,Risaralda,Rural,3,Oficial,34,Administración,No,0,0,3.26,No,Recursos familiares,57,18,2.85,87.9,60,0,0,No,No,,,,0.1274,No
EST-01021,2,20,Mujer,Bogotá D.C.,Urbana,5,Privado,56,Contaduría,No,0,0,4.88,Sí,Beca / subsidio,70,20,3.71,87.8,50,0,0,Sí,No,16,16,100,0.065,No
EST-01022,1,18,Hombre,Nariño,Urbana,2,Oficial,29,Derecho,No,0,0,1.43,No,Recursos familiares,77,19,2.99,93.2,81,0,0,Sí,Sí,,,,0.23,No
EST-01023,2,26,Hombre,Atlántico,Urbana,2,Privado,32,Psicología,Sí,32,0,1.41,No,Crédito educativo,29,18,2.75,76.8,74,0,0,No,No,18,17,94.4,0.3459,Sí
EST-01024,1,20,Mujer,Antioquia,Urbana,5,Oficial,60,Psicología,No,0,0,4.64,No,Mixto,46,16,4.03,89.7,88,0,0,No,No,,,,0.0366,No
EST-01025,2,18,Mujer,Bogotá D.C.,Urbana,3,Privado,66,Derecho,No,0,0,1.97,No,Mixto,31,14,3.65,91.2,92,0,0,No,No,18,18,100,0.0301,No
EST-01026,1,21,Hombre,Bolívar,Urbana,3,Oficial,60,Psicología,Sí,31,0,1.71,No,Mixto,37,19,3.01,91.1,66,1,1,No,No,,,,0.2414,No
EST-01027,1,21,Mujer,Norte de Santander,Rural,3,Oficial,61,Contaduría,No,0,0,1.71,No,Recursos familiares,20,17,3.57,85.2,60,0,0,Sí,No,,,,0.0932,No
EST-01028,2,27,Mujer,Atlántico,Urbana,1,Oficial,44,Contaduría,Sí,31,1,0.45,Sí,Crédito educativo,26,16,2.75,87.3,42,0,0,No,No,14,14,100,0.2485,No
EST-01029,1,21,Hombre,Atlántico,Urbana,2,Privado,59,Ingeniería de Sistemas,Sí,20,0,1.69,Sí,Beca / subsidio,39,17,3.66,81.6,49,0,0,No,Sí,,,,0.0862,No
EST-01030,1,21,Mujer,Bogotá D.C.,Urbana,2,Oficial,58,Contaduría,No,0,0,0.98,No,Recursos familiares,38,19,2.95,88.6,79,0,0,Sí,Sí,,,,0.2188,No
EST-01031,1,18,Mujer,Antioquia,Urbana,4,Privado,53,Comunicación,No,0,0,3.84,No,Recursos familiares,36,18,3.82,93.8,83,0,0,No,No,,,,0.0897,No
EST-01032,2,19,Mujer,Cundinamarca,Rural,1,Oficial,65,Ingeniería Industrial,No,0,0,0.84,No,Crédito educativo,103,15,3.57,94.2,61,1,0,No,No,18,15,83.3,0.2255,No
EST-01033,2,19,Mujer,Cauca,Rural,3,Oficial,70,Comunicación,No,0,0,3.25,No,Recursos familiares,79,16,3.09,81.3,73,0,0,No,Sí,18,18,100,0.0734,No
EST-01034,1,18,Mujer,Bogotá D.C.,Urbana,2,Oficial,39,Ingeniería de Sistemas,Sí,14,0,2.67,Sí,Mixto,36,18,3.21,88.9,73,0,0,Sí,No,,,,0.0848,No
EST-01035,1,24,Mujer,Caldas,Urbana,2,Privado,51,Ingeniería de Sistemas,Sí,25,0,1.22,No,Crédito educativo,37,15,3.41,87.5,50,0,0,No,No,,,,0.1737,No
EST-01036,2,24,Hombre,Valle del Cauca,Urbana,1,Oficial,17,Psicología,Sí,21,0,1,No,Recursos familiares,66,15,3.1,97.2,83,0,0,No,No,18,17,94.4,0.1384,No
EST-01037,1,17,Hombre,Meta,Urbana,2,Privado,80,Ingeniería de Sistemas,Sí,22,0,1.26,No,Crédito educativo,22,16,4.26,100,86,0,0,No,No,,,,0.0876,No
EST-01038,1,19,Mujer,Córdoba,Urbana,3,Oficial,67,Derecho,No,0,0,4.14,No,Mixto,26,18,3.96,91.8,54,1,0,Sí,No,,,,0.1588,No
EST-01039,1,19,Mujer,Atlántico,Urbana,4,Privado,30,Administración,No,0,0,3.33,No,Crédito educativo,37,19,2.61,89.3,56,3,0,No,No,,,,0.3329,No
EST-01040,1,19,Mujer,Huila,Urbana,2,Privado,50,Ingeniería Industrial,No,0,0,2,No,Crédito educativo,36,18,2.76,88.9,62,0,0,No,No,,,,0.2298,No
EST-01041,2,19,Hombre,Valle del Cauca,Urbana,2,Privado,48,Administración,No,0,0,1.65,No,Crédito educativo,39,16,3.39,92.5,68,4,0,No,Sí,18,11,61.1,0.3673,No
EST-01042,1,20,Hombre,Quindío,Urbana,2,Oficial,60,Derecho,Sí,17,0,1.89,No,Crédito educativo,51,20,3.45,90.5,60,0,0,No,No,,,,0.1315,No
EST-01043,1,27,Mujer,Bolívar,Urbana,2,Oficial,49,Enfermería,Sí,24,0,1.16,No,Crédito educativo,67,17,3.23,87.6,73,0,0,Sí,No,,,,0.3023,No
EST-01044,2,24,Hombre,Bogotá D.C.,Urbana,2,Oficial,45,Administración,Sí,38,0,0.95,Sí,Recursos familiares,59,17,2.8,81.7,52,1,1,No,No,16,12,75,0.2337,No
EST-01045,2,21,Hombre,Santander,Urbana,2,Oficial,48,Contaduría,No,0,0,1.68,No,Crédito educativo,23,18,3.07,90.9,46,0,0,No,No,18,18,100,0.105,No
EST-01046,1,19,Hombre,Cauca,Urbana,5,Privado,45,Derecho,No,0,0,7.64,No,Recursos familiares,48,18,3.68,92.4,100,0,0,No,No,,,,0.0722,Sí
EST-01047,2,22,Hombre,Tolima,Urbana,2,Oficial,43,Ingeniería de Sistemas,Sí,27,0,1.76,No,Recursos familiares,40,16,2.99,90.5,38,0,0,No,Sí,18,18,100,0.1404,No
EST-01048,2,22,Mujer,Cauca,Rural,2,Oficial,80,Ingeniería de Sistemas,Sí,17,0,0.77,No,Crédito educativo,39,17,3.69,96.2,65,0,1,No,No,18,17,94.4,0.1782,No
EST-01049,2,21,Hombre,Cundinamarca,Urbana,2,Privado,46,Psicología,No,0,0,1.67,Sí,Beca / subsidio,37,18,2.84,93.6,64,0,0,No,No,18,18,100,0.0571,No
EST-01050,2,20,No binario / otro,Cauca,Urbana,2,Oficial,39,Ingeniería de Sistemas,No,0,0,0.94,No,Crédito educativo,62,19,3.29,85,61,0,0,Sí,No,18,18,100,0.19,No
EST-01051,1,19,Mujer,Santander,Rural,2,Oficial,38,Enfermería,No,0,0,1.29,Sí,Crédito educativo,85,19,2.61,85.5,66,0,0,Sí,No,,,,0.2335,No
EST-01052,2,25,Mujer,Magdalena,Urbana,3,Oficial,34,Enfermería,No,0,0,1.19,No,Recursos familiares,23,18,2.52,91.8,51,0,0,Sí,No,18,18,100,0.1895,No
EST-01053,1,20,Hombre,Norte de Santander,Urbana,1,Oficial,29,Administración,No,0,0,1.34,No,Crédito educativo,29,18,3.33,87.2,71,0,1,No,Sí,,,,0.1323,Sí
EST-01054,2,17,Mujer,Atlántico,Urbana,2,Privado,33,Derecho,No,0,0,1.52,Sí,Beca / subsidio,71,17,4.11,86.6,55,0,0,Sí,No,20,20,100,0.0625,No
EST-01055,1,17,Mujer,Antioquia,Urbana,2,Oficial,57,Enfermería,No,0,0,2.42,No,Crédito educativo,46,15,3.61,82.3,86,0,0,Sí,No,,,,0.2871,No
EST-01056,2,17,Mujer,Valle del Cauca,Urbana,4,Oficial,54,Enfermería,No,0,0,6.29,No,Mixto,40,19,2.91,91.9,78,0,0,No,No,18,17,94.4,0.0556,Sí
EST-01057,2,24,Hombre,Antioquia,Urbana,1,Oficial,61,Ingeniería de Sistemas,Sí,22,0,0.56,No,Crédito educativo,48,18,3.39,72.6,65,0,0,No,No,16,16,100,0.1641,No
EST-01058,1,20,Mujer,Magdalena,Urbana,1,Oficial,60,Diseño,No,0,0,0.85,No,Recursos familiares,20,16,3.92,100,83,0,0,No,No,,,,0.0993,No
EST-01059,1,18,Mujer,Cauca,Urbana,2,Oficial,54,Ingeniería Industrial,No,0,0,1.01,Sí,Recursos familiares,40,20,4.65,95.9,72,0,0,No,No,,,,0.0242,Sí
EST-01060,1,21,Mujer,Córdoba,Urbana,1,Oficial,39,Ingeniería de Sistemas,Sí,26,0,1.34,No,Crédito educativo,27,16,3.09,93.9,68,0,0,Sí,No,,,,0.3539,No
EST-01061,2,25,Mujer,Bogotá D.C.,Rural,3,Oficial,26,Administración,No,0,0,2.06,No,Recursos familiares,74,14,3.07,89.3,80,0,0,No,No,18,18,100,0.1126,No
EST-01062,2,24,Hombre,Quindío,Urbana,2,Oficial,24,Administración,Sí,14,0,1.06,Sí,Beca / subsidio,44,18,3.25,90.5,40,0,0,No,No,16,15,93.8,0.0651,No
EST-01063,1,19,Mujer,Huila,Urbana,2,Oficial,33,Ingeniería Industrial,Sí,41,0,1,Sí,Recursos familiares,33,16,3.24,84.5,46,0,1,No,Sí,,,,0.0784,No
EST-01064,1,19,Mujer,Santander,Urbana,1,Oficial,23,Administración,No,0,0,0.81,No,Crédito educativo,55,17,2.73,91.4,69,0,0,No,No,,,,0.2535,No
EST-01065,1,19,Mujer,Valle del Cauca,Urbana,2,Oficial,62,Ingeniería de Sistemas,Sí,25,0,1.84,No,Recursos familiares,38,18,4.09,81.6,78,0,0,No,No,,,,0.138,No
EST-01066,1,19,Hombre,Atlántico,Urbana,3,Privado,32,Diseño,No,0,0,2.52,No,Mixto,44,18,3.31,90.9,86,2,0,No,No,,,,0.1169,No
EST-01067,2,21,Hombre,Otro,Urbana,3,Oficial,70,Derecho,Sí,16,0,2.23,Sí,Crédito educativo,35,18,3.31,84,68,0,0,Sí,No,18,18,100,0.0877,Sí
EST-01068,1,20,Hombre,Valle del Cauca,Urbana,2,Oficial,90,Administración,No,0,0,1.1,Sí,Recursos familiares,28,18,3.73,87.5,69,0,0,No,No,,,,0.0643,No
EST-01069,1,27,Mujer,Bogotá D.C.,Urbana,3,Oficial,82,Comunicación,Sí,24,1,2.57,No,Recursos familiares,39,19,3.76,95.6,90,0,0,Sí,No,,,,0.2038,No
EST-01070,1,20,Hombre,Magdalena,Urbana,2,Oficial,48,Ingeniería Industrial,No,0,0,1,No,Crédito educativo,32,14,3.04,93.2,83,2,0,No,No,,,,0.2439,Sí
EST-01071,2,21,Hombre,Meta,Urbana,3,Oficial,40,Ingeniería de Sistemas,Sí,27,0,1.81,No,Crédito educativo,42,17,2.93,77.9,60,2,1,No,No,18,13,72.2,0.4063,No
EST-01072,1,20,Mujer,Otro,Urbana,2,Oficial,17,Administración,No,0,0,1.71,No,Crédito educativo,41,16,3.79,90.9,76,0,0,Sí,No,,,,0.2199,No
EST-01073,2,17,Hombre,Norte de Santander,Urbana,2,Oficial,56,Contaduría,No,0,0,1.31,No,Crédito educativo,42,14,4.06,98.9,58,0,0,No,No,16,16,100,0.0693,No
EST-01074,1,21,Mujer,Magdalena,Urbana,5,Oficial,58,Administración,No,0,0,5.35,Sí,Beca / subsidio,27,16,3.54,89.5,66,0,0,No,No,,,,0.054,No
EST-01075,1,19,Hombre,Antioquia,Urbana,2,Privado,98,Contaduría,No,0,0,1.89,Sí,Beca / subsidio,44,17,3.79,85.1,62,0,1,No,No,,,,0.0502,No
EST-01076,2,19,Mujer,Valle del Cauca,Rural,2,Oficial,38,Ingeniería de Sistemas,No,0,0,2.64,Sí,Mixto,45,19,3.46,89.2,58,0,0,No,Sí,18,18,100,0.0451,No
EST-01077,1,21,Hombre,Atlántico,Urbana,1,Oficial,19,Enfermería,Sí,17,0,2.21,Sí,Mixto,65,18,2.91,82.6,64,0,0,No,No,,,,0.1307,No
EST-01078,2,19,Mujer,Bogotá D.C.,Urbana,3,Oficial,72,Derecho,No,0,2,1.57,No,Beca / subsidio,73,18,3.35,84.5,80,0,0,No,No,18,17,94.4,0.0503,No
EST-01079,1,18,Hombre,Santander,Urbana,3,Privado,74,Administración,No,0,0,1.41,No,Mixto,78,15,4,71.2,79,0,0,No,No,,,,0.098,No
EST-01080,2,19,Hombre,Bolívar,Urbana,2,Oficial,88,Psicología,No,0,0,1.09,No,Crédito educativo,45,20,3.71,96.3,80,0,0,No,No,18,18,100,0.0893,No
EST-01081,1,25,Hombre,Risaralda,Urbana,1,Oficial,40,Administración,Sí,10,1,1.32,No,Recursos familiares,17,17,3.12,84.4,71,0,0,No,No,,,,0.1839,No
EST-01082,1,20,Mujer,Risaralda,Urbana,2,Oficial,14,Comunicación,Sí,11,0,2.24,Sí,Beca / subsidio,9,18,4.08,87.7,89,0,0,Sí,Sí,,,,0.0373,No
EST-01083,1,19,Hombre,Santander,Urbana,1,Oficial,21,Ingeniería Industrial,No,0,0,1.07,Sí,Beca / subsidio,10,18,2.47,79.2,47,2,0,Sí,No,,,,0.3428,Sí
EST-01084,2,33,Hombre,Atlántico,Urbana,3,Oficial,95,Contaduría,Sí,46,1,3.14,No,Beca / subsidio,5,18,3.55,86.3,57,0,0,No,No,20,20,100,0.1236,No
EST-01085,2,24,Hombre,Valle del Cauca,Urbana,1,Oficial,8,Enfermería,Sí,35,0,0.91,No,Crédito educativo,33,19,2.14,67.6,76,3,0,No,No,16,10,62.5,0.7468,No
EST-01086,2,20,Mujer,Risaralda,Urbana,2,Oficial,75,Ingeniería Industrial,No,0,0,1.05,Sí,Beca / subsidio,34,16,3.42,86.6,77,0,0,Sí,No,18,18,100,0.0871,No
EST-01087,2,19,Hombre,Bogotá D.C.,Urbana,3,Oficial,58,Comunicación,No,0,0,2.59,No,Mixto,30,15,3.16,91.5,63,0,0,No,No,18,18,100,0.0652,No
EST-01088,1,19,Mujer,Bogotá D.C.,Urbana,1,Oficial,3,Administración,No,0,0,0.96,No,Crédito educativo,56,18,3.25,94.8,73,0,0,No,No,,,,0.1209,No
EST-01089,2,20,Mujer,Antioquia,Rural,2,Oficial,54,Ingeniería de Sistemas,No,0,0,1.59,Sí,Beca / subsidio,58,17,3.44,93.9,81,0,0,No,No,18,18,100,0.0582,Sí
EST-01090,1,22,Hombre,Atlántico,Urbana,2,Oficial,37,Derecho,Sí,35,0,1.02,No,Crédito educativo,10,18,3.44,87.2,76,0,0,No,No,,,,0.131,No
EST-01091,2,18,Mujer,Nariño,Urbana,4,Oficial,53,Ingeniería de Sistemas,No,0,0,4.17,No,Crédito educativo,74,19,3.72,98.3,81,0,0,No,No,18,17,94.4,0.0302,No
EST-01092,1,20,Hombre,Santander,Urbana,2,Oficial,19,Ingeniería Industrial,Sí,30,0,1.21,No,Crédito educativo,14,19,2.71,78.8,43,0,2,Sí,No,,,,0.7541,Sí
EST-01093,1,19,Hombre,Valle del Cauca,Urbana,1,Oficial,27,Contaduría,No,0,0,1.26,No,Recursos familiares,28,16,3.05,91.6,65,0,0,No,No,,,,0.1657,No
EST-01094,1,22,Mujer,Cauca,Urbana,3,Privado,66,Enfermería,Sí,25,0,2.1,No,Recursos familiares,73,16,3.43,90.2,65,0,0,No,No,,,,0.1046,No
EST-01095,2,21,Mujer,Atlántico,Rural,4,Privado,83,Enfermería,No,0,0,4.9,No,Recursos familiares,51,17,3.18,80.9,56,0,0,No,No,16,16,100,0.1321,No
EST-01096,1,22,Hombre,Antioquia,Urbana,3,Privado,50,Ingeniería Industrial,No,0,0,1.54,No,Mixto,33,18,3.38,89.2,89,0,0,No,No,,,,0.0721,No
EST-01097,1,21,Mujer,Cesar,Urbana,1,Oficial,31,Psicología,No,0,0,0.7,Sí,Beca / subsidio,12,16,3.5,92.9,70,0,0,No,No,,,,0.041,No
EST-01098,2,19,Hombre,Antioquia,Rural,2,Oficial,29,Ingeniería de Sistemas,No,0,0,2.29,No,Crédito educativo,129,16,2.92,87.3,69,0,1,No,No,18,18,100,0.2291,No
EST-01099,1,25,Mujer,Caldas,Urbana,2,Oficial,99,Psicología,Sí,35,0,1.13,No,Recursos familiares,46,17,3.73,92.6,47,1,1,Sí,Sí,,,,0.3682,No
EST-01100,2,18,Hombre,Bolívar,Urbana,3,Oficial,40,Negocios Internacionales,No,0,0,1.87,No,Recursos familiares,5,18,3.57,92.4,64,0,0,No,No,18,18,100,0.054,No
EST-01101,2,21,Hombre,Boyacá,Urbana,3,Oficial,33,Ingeniería Industrial,No,0,0,1.67,No,Crédito educativo,44,17,3.16,91.6,92,0,0,No,No,18,18,100,0.0832,No
EST-01102,1,19,Mujer,Santander,Urbana,5,Privado,61,Contaduría,No,0,0,5.81,No,Recursos familiares,28,19,3.18,93.6,63,0,0,No,No,,,,0.1083,No
EST-01103,2,23,Mujer,Bogotá D.C.,Urbana,4,Privado,33,Derecho,Sí,4,0,3.56,No,Recursos familiares,15,18,3.03,86.6,81,0,0,Sí,No,16,16,100,0.1357,No
EST-01104,1,19,Hombre,Bogotá D.C.,Urbana,2,Oficial,98,Negocios Internacionales,No,0,0,1,Sí,Mixto,77,18,3.41,89.5,55,0,0,No,No,,,,0.0327,No
EST-01105,2,18,Hombre,Valle del Cauca,Urbana,1,Oficial,43,Enfermería,No,0,0,1.14,No,Crédito educativo,41,17,4.63,99.4,100,0,0,No,No,20,20,100,0.0616,No
EST-01106,1,24,Hombre,Cundinamarca,Urbana,3,Oficial,64,Ingeniería de Sistemas,Sí,37,0,1.46,Sí,Beca / subsidio,49,20,4.05,96.5,69,0,1,No,No,,,,0.0608,No
EST-01107,1,21,Hombre,Valle del Cauca,Urbana,2,Privado,61,Ingeniería de Sistemas,No,0,0,0.99,No,Crédito educativo,26,20,3.32,92.5,86,0,0,Sí,Sí,,,,0.1865,Sí
EST-01108,1,17,Mujer,Córdoba,Urbana,1,Oficial,41,Administración,No,0,0,1.19,No,Crédito educativo,58,19,2.65,89.8,58,1,0,No,No,,,,0.3559,No
EST-01109,1,20,Mujer,Cesar,Urbana,3,Privado,88,Administración,No,0,0,2.37,No,Recursos familiares,57,16,3.56,86.7,82,0,0,No,No,,,,0.0603,No
EST-01110,1,20,Hombre,Bogotá D.C.,Urbana,1,Oficial,30,Administración,Sí,7,0,1.17,Sí,Mixto,37,19,3.31,87,88,0,0,No,No,,,,0.0564,No
EST-01111,2,22,Hombre,Meta,Rural,3,Oficial,28,Ingeniería de Sistemas,Sí,15,0,2.29,No,Crédito educativo,122,19,2.8,92.7,77,0,0,No,No,18,18,100,0.1674,No
EST-01112,1,20,Mujer,Antioquia,Rural,2,Privado,69,Negocios Internacionales,No,0,0,3.02,No,Crédito educativo,121,16,3.67,85.4,78,1,0,Sí,No,,,,0.359,No
EST-01113,1,18,Hombre,Cauca,Urbana,2,Oficial,29,Enfermería,No,0,0,1.3,No,Recursos familiares,51,17,2.91,93,65,0,0,No,No,,,,0.1417,No
EST-01114,1,18,Hombre,Cundinamarca,Urbana,3,Privado,64,Diseño,No,0,0,1.39,No,Recursos familiares,55,18,3.84,83.2,77,0,0,No,No,,,,0.0409,No
EST-01115,1,21,Hombre,Córdoba,Urbana,2,Oficial,54,Derecho,No,0,0,1.46,No,Beca / subsidio,19,14,3.87,93.5,81,1,1,No,No,,,,0.1332,No
EST-01116,1,17,Mujer,Cundinamarca,Urbana,1,Oficial,39,Comunicación,No,0,0,1.74,Sí,Recursos familiares,24,18,3.16,85.9,77,0,0,No,No,,,,0.1026,No
EST-01117,2,19,Hombre,Boyacá,Urbana,2,Privado,47,Enfermería,No,0,0,0.67,No,Crédito educativo,25,18,3.3,91.1,76,0,0,Sí,No,18,18,100,0.1558,No
EST-01118,1,18,Mujer,Nariño,Urbana,2,Privado,41,Diseño,No,0,0,1.45,Sí,Mixto,9,19,3.66,93.3,61,0,0,No,No,,,,0.0266,No
EST-01119,1,22,Mujer,Bogotá D.C.,Urbana,3,Privado,51,Administración,No,0,0,1.8,No,Mixto,51,15,3.2,96.4,56,0,0,No,No,,,,0.1021,No
EST-01120,1,19,Mujer,Bogotá D.C.,Urbana,3,Oficial,45,Administración,No,0,0,2.11,No,Recursos familiares,16,16,3.09,92.6,76,0,0,No,No,,,,0.1322,No
EST-01121,1,18,Hombre,Bogotá D.C.,Urbana,1,Oficial,67,Enfermería,No,0,3,0.57,No,Crédito educativo,34,14,3.78,85.6,62,0,0,No,No,,,,0.1677,No
EST-01122,2,20,Mujer,Bogotá D.C.,Urbana,3,Privado,96,Ingeniería Industrial,No,0,0,1.62,Sí,Recursos familiares,39,18,3.9,96,71,0,0,No,No,16,16,100,0.0271,No
EST-01123,1,24,Hombre,Valle del Cauca,Urbana,3,Oficial,35,Derecho,No,0,0,3.65,No,Recursos familiares,16,18,2.96,79.3,69,2,0,No,No,,,,0.2235,No
EST-01124,2,22,Mujer,Bogotá D.C.,Urbana,3,Oficial,72,Comunicación,No,0,0,1.7,Sí,Beca / subsidio,60,16,3.83,87.8,70,0,0,No,No,18,18,100,0.0272,No
EST-01125,2,21,Mujer,Santander,Urbana,3,Privado,18,Negocios Internacionales,No,0,0,3.34,No,Mixto,5,14,2.98,93.3,81,1,1,Sí,No,16,13,81.2,0.1873,No
EST-01126,2,18,Mujer,Otro,Urbana,4,Privado,61,Administración,No,0,0,4.7,Sí,Crédito educativo,39,14,3.9,90.4,99,0,0,Sí,No,20,20,100,0.0617,Sí
EST-01127,1,24,Mujer,Meta,Urbana,1,Oficial,37,Ingeniería de Sistemas,Sí,30,0,0.8,No,Crédito educativo,49,16,3.32,88.4,69,3,1,Sí,No,,,,0.582,No
EST-01128,2,19,Mujer,Otro,Urbana,3,Privado,41,Psicología,Sí,32,0,3.79,No,Recursos familiares,63,14,3.52,92.3,36,0,0,No,No,20,20,100,0.1141,Sí
EST-01129,2,38,Mujer,Bogotá D.C.,Urbana,2,Privado,78,Negocios Internacionales,No,0,1,1.72,Sí,Beca / subsidio,26,18,3.59,87.2,90,0,0,No,Sí,18,18,100,0.0425,No
EST-01130,2,20,Hombre,Antioquia,Urbana,1,Oficial,34,Administración,Sí,20,0,1.34,Sí,Mixto,81,18,3.29,81.8,71,0,0,Sí,No,20,20,100,0.111,No
EST-01131,2,18,Hombre,Valle del Cauca,Urbana,1,Oficial,37,Ingeniería de Sistemas,No,0,0,1.15,No,Beca / subsidio,68,17,3.52,85.1,79,0,0,No,No,16,15,93.8,0.0929,No
EST-01132,1,17,Hombre,Tolima,Urbana,2,Privado,78,Enfermería,No,0,0,1.32,No,Crédito educativo,80,18,3.3,70,82,0,0,No,No,,,,0.2025,No
EST-01133,1,19,Hombre,Risaralda,Rural,3,Oficial,30,Diseño,No,0,0,1.63,No,Recursos familiares,50,18,3.14,85.8,66,0,0,No,No,,,,0.1084,Sí
EST-01134,2,22,Mujer,Antioquia,Urbana,2,Oficial,27,Contaduría,Sí,25,0,2.15,Sí,Recursos familiares,38,18,2.57,77.2,58,0,0,No,No,18,18,100,0.1862,No
EST-01135,1,21,Hombre,Huila,Urbana,4,Oficial,71,Psicología,No,0,0,4.04,No,Recursos familiares,43,17,3.65,100,81,0,0,No,Sí,,,,0.0411,No
EST-01136,2,21,Mujer,Bogotá D.C.,Urbana,3,Oficial,61,Ingeniería Industrial,No,0,0,2.33,No,Recursos familiares,35,20,3.26,92.8,100,0,0,Sí,No,18,18,100,0.1136,No
EST-01137,2,19,Hombre,Bogotá D.C.,Urbana,1,Oficial,49,Psicología,No,0,0,0.9,No,Recursos familiares,63,20,4,94.1,85,0,0,No,No,16,16,100,0.0848,No
EST-01138,2,19,Mujer,Boyacá,Urbana,3,Privado,39,Psicología,No,0,0,2.68,Sí,Beca / subsidio,5,17,3.16,90.1,87,0,0,No,No,16,16,100,0.0636,No
EST-01139,2,21,Hombre,Bogotá D.C.,Urbana,2,Oficial,62,Enfermería,No,0,0,2.25,No,Crédito educativo,36,17,2.87,86.9,79,0,0,Sí,No,18,18,100,0.2143,No
EST-01140,1,23,Hombre,Magdalena,Urbana,2,Oficial,35,Psicología,No,0,0,1.6,Sí,Beca / subsidio,58,18,3.52,95,63,0,0,No,No,,,,0.0439,No
EST-01141,2,20,Hombre,Bogotá D.C.,Urbana,3,Oficial,21,Administración,Sí,39,0,1.91,Sí,Mixto,51,19,2.43,77.4,52,0,0,No,No,18,18,100,0.2038,No
EST-01142,1,19,Hombre,Córdoba,Urbana,3,Privado,71,Ingeniería de Sistemas,No,0,0,2.88,Sí,Recursos familiares,65,18,3.7,86.2,65,0,0,No,No,,,,0.0441,No
EST-01143,1,31,Mujer,Tolima,Urbana,3,Oficial,19,Ingeniería Industrial,No,0,0,3.29,No,Recursos familiares,58,15,2.98,82,36,0,0,No,Sí,,,,0.1806,No
EST-01144,2,26,Mujer,Cundinamarca,Urbana,3,Oficial,47,Ingeniería de Sistemas,No,0,0,3.05,No,Recursos familiares,5,18,3.21,84.2,61,0,0,Sí,Sí,20,20,100,0.0566,Sí
EST-01145,2,19,Hombre,Huila,Urbana,4,Privado,85,Comunicación,No,0,0,5.11,No,Beca / subsidio,43,15,3.64,86.1,77,0,0,No,No,16,15,93.8,0.0523,No
EST-01146,2,27,Hombre,Cauca,Urbana,2,Oficial,65,Ingeniería de Sistemas,Sí,20,0,2.06,No,Recursos familiares,33,17,2.21,81,72,0,0,No,No,18,18,100,0.2556,No
EST-01147,2,18,Mujer,Meta,Urbana,3,Oficial,31,Ingeniería de Sistemas,No,0,0,1.96,No,Crédito educativo,30,20,3.63,86.1,85,0,0,Sí,No,16,16,100,0.1003,No
EST-01148,1,18,Mujer,Nariño,Rural,2,Oficial,47,Enfermería,No,0,0,0.63,Sí,Beca / subsidio,68,18,3.6,86.2,60,0,0,No,No,,,,0.0812,No
EST-01149,1,25,Mujer,Nariño,Urbana,4,Oficial,39,Ingeniería de Sistemas,Sí,7,0,6.37,No,Recursos familiares,69,14,3.71,85.4,66,0,0,No,No,,,,0.1209,No
EST-01150,1,17,Mujer,Bogotá D.C.,Urbana,2,Oficial,55,Derecho,No,0,0,1.8,Sí,Mixto,57,16,3.29,98.4,84,0,0,Sí,No,,,,0.0929,No
EST-01151,1,25,Hombre,Bogotá D.C.,Urbana,3,Oficial,54,Negocios Internacionales,No,0,0,1.58,No,Recursos familiares,37,14,3.21,98.6,59,0,0,No,No,,,,0.0885,No
EST-01152,1,23,Mujer,Atlántico,Rural,2,Privado,68,Contaduría,Sí,17,0,1.2,Sí,Mixto,91,18,3.11,81.2,73,0,0,No,No,,,,0.1546,No
EST-01153,1,22,Hombre,Bogotá D.C.,Urbana,2,Oficial,94,Diseño,No,0,0,1.66,Sí,Mixto,57,16,4.07,85.4,75,0,0,No,Sí,,,,0.039,No
EST-01154,1,18,Hombre,Atlántico,Urbana,3,Oficial,32,Diseño,No,0,0,3.88,No,Mixto,58,15,3.51,91.4,84,0,0,No,No,,,,0.0935,No
EST-01155,1,27,Hombre,Cundinamarca,Urbana,3,Privado,34,Administración,Sí,28,1,4.25,No,Recursos familiares,38,14,3,84.8,65,0,0,No,No,,,,0.2328,No
EST-01156,2,24,Hombre,Antioquia,Rural,2,Oficial,79,Negocios Internacionales,No,0,0,1.93,Sí,Mixto,88,20,3.28,89.9,50,0,0,No,No,18,17,94.4,0.1219,No
EST-01157,1,25,Hombre,Bogotá D.C.,Urbana,4,Privado,41,Comunicación,Sí,46,0,5.31,No,Recursos familiares,23,18,2.76,87.5,53,0,0,No,No,,,,0.2018,No
EST-01158,1,22,Mujer,Santander,Rural,2,Oficial,13,Derecho,No,0,0,0.79,No,Recursos familiares,73,20,3.16,80.2,98,0,0,No,No,,,,0.1837,Sí
EST-01159,1,19,Hombre,Bogotá D.C.,Urbana,2,Oficial,87,Contaduría,No,0,0,1.91,Sí,Beca / subsidio,29,17,3.03,96.1,86,0,0,No,No,,,,0.0597,No
EST-01160,1,19,Mujer,Magdalena,Urbana,2,Oficial,48,Ingeniería de Sistemas,No,0,0,2.17,No,Crédito educativo,36,19,2.39,88.1,64,1,0,No,No,,,,0.2708,No
EST-01161,2,19,Hombre,Boyacá,Urbana,1,Oficial,73,Comunicación,No,0,0,0.68,No,Mixto,76,20,3.03,84.3,65,0,1,No,Sí,18,16,88.9,0.1153,No
EST-01162,1,19,Mujer,Cundinamarca,Rural,2,Privado,45,Psicología,No,0,0,1.25,No,Crédito educativo,72,16,3.64,83.6,72,2,0,No,No,,,,0.2389,Sí
EST-01163,2,19,Mujer,Magdalena,Rural,2,Oficial,74,Psicología,No,0,0,1.62,No,Beca / subsidio,83,17,3.32,88.1,89,0,0,No,No,14,14,100,0.1067,No
EST-01164,2,17,Mujer,Antioquia,Urbana,3,Oficial,55,Administración,Sí,7,0,2.13,No,Mixto,43,17,3.15,83.8,58,2,0,No,No,14,9,64.3,0.2334,No
EST-01165,1,21,Mujer,Tolima,Urbana,2,Oficial,30,Derecho,No,0,0,1.12,No,Recursos familiares,77,17,3.4,94.6,63,2,0,No,No,,,,0.1781,No
EST-01166,2,26,Hombre,Valle del Cauca,Urbana,2,Privado,38,Negocios Internacionales,Sí,23,0,1.79,No,Crédito educativo,15,18,3.63,84.9,58,0,0,Sí,No,16,16,100,0.2013,Sí
EST-01167,1,20,Hombre,Nariño,Urbana,2,Oficial,31,Contaduría,No,0,0,1.62,Sí,Beca / subsidio,43,20,2.65,86.3,43,0,0,No,No,,,,0.1525,No
EST-01168,1,17,Mujer,Santander,Urbana,3,Privado,53,Administración,No,0,0,2.16,No,Mixto,33,19,3.66,95.9,100,0,0,Sí,No,,,,0.0867,No
EST-01169,1,26,Hombre,Risaralda,Urbana,1,Oficial,63,Comunicación,Sí,38,0,0.5,No,Mixto,65,18,3.49,82.5,58,0,0,No,No,,,,0.2282,No
EST-01170,1,18,Mujer,Atlántico,Urbana,2,Oficial,59,Enfermería,No,0,0,1.57,Sí,Recursos familiares,57,18,3.24,87.5,86,0,0,No,No,,,,0.0761,No
EST-01171,1,33,Hombre,Caldas,Urbana,2,Privado,63,Contaduría,Sí,24,1,1.48,No,Crédito educativo,51,16,4.65,95.3,84,0,1,No,No,,,,0.1755,No
EST-01172,2,19,Hombre,Bogotá D.C.,Urbana,4,Privado,59,Comunicación,No,0,0,3.37,No,Recursos familiares,59,20,2.84,76.1,61,0,0,No,No,14,14,100,0.1038,No
EST-01173,1,22,Hombre,Bogotá D.C.,Urbana,2,Oficial,63,Contaduría,No,0,0,1.44,No,Crédito educativo,74,14,3.82,88,66,1,0,No,No,,,,0.1835,No
EST-01174,1,24,Hombre,Meta,Urbana,3,Oficial,61,Ingeniería Industrial,No,0,0,2.4,Sí,Mixto,36,19,2.9,83.9,78,0,0,No,Sí,,,,0.0735,No
EST-01175,2,30,Hombre,Caldas,Urbana,4,Privado,46,Derecho,No,0,0,5.82,No,Recursos familiares,53,17,3.63,90.3,85,0,0,No,No,14,14,100,0.0991,No
EST-01176,1,27,Mujer,Meta,Rural,2,Oficial,68,Derecho,Sí,37,0,1.35,No,Crédito educativo,50,17,2.71,80,63,0,1,Sí,Sí,,,,0.6239,No
EST-01177,1,21,Mujer,Bogotá D.C.,Urbana,2,Oficial,44,Negocios Internacionales,No,0,0,0.94,No,Crédito educativo,30,16,3.05,95.5,73,0,0,No,No,,,,0.1575,No
EST-01178,2,25,Hombre,Antioquia,Urbana,3,Oficial,28,Comunicación,Sí,20,0,0.85,Sí,Beca / subsidio,42,16,2.41,82.6,52,0,0,No,No,20,20,100,0.1737,Sí
EST-01179,1,20,Hombre,Valle del Cauca,Urbana,2,Privado,60,Administración,No,0,0,1.32,No,Crédito educativo,47,19,2.85,96,67,0,0,No,No,,,,0.1716,No
EST-01180,2,26,Hombre,Cundinamarca,Urbana,3,Oficial,21,Administración,No,0,0,5.11,No,Recursos familiares,40,18,3.35,85.1,81,0,0,No,No,16,16,100,0.0384,No
EST-01181,2,19,Mujer,Antioquia,Urbana,3,Oficial,69,Contaduría,No,0,0,3.41,No,Recursos familiares,42,18,3.35,78.6,99,0,0,No,No,16,16,100,0.0856,No
EST-01182,1,21,Hombre,Boyacá,Urbana,3,Oficial,41,Ingeniería Industrial,No,0,0,2.81,No,Mixto,68,15,3.65,95.3,58,0,0,No,No,,,,0.0933,No
EST-01183,2,25,Hombre,Bogotá D.C.,Urbana,1,Oficial,24,Comunicación,No,0,0,1.14,Sí,Mixto,69,20,2.91,79.7,74,1,0,No,Sí,14,12,85.7,0.1308,No
EST-01184,2,20,Hombre,Antioquia,Rural,3,Oficial,20,Enfermería,No,0,0,2.19,No,Mixto,80,17,3.3,83.9,70,0,0,No,No,20,20,100,0.0693,No
EST-01185,1,34,Hombre,Cundinamarca,Urbana,2,Privado,60,Ingeniería Industrial,No,0,2,1.32,Sí,Mixto,17,17,3.44,83.1,74,0,0,No,No,,,,0.0875,No
EST-01186,2,21,Hombre,Atlántico,Urbana,1,Oficial,37,Ingeniería de Sistemas,No,0,0,0.55,Sí,Mixto,66,17,2.7,89.8,63,0,0,No,No,16,16,100,0.1048,No
EST-01187,1,32,Mujer,Valle del Cauca,Urbana,2,Oficial,29,Diseño,Sí,45,0,1.4,No,Mixto,5,16,2.58,82.5,24,0,1,Sí,No,,,,0.6653,No
EST-01188,1,20,Mujer,Otro,Urbana,1,Oficial,51,Comunicación,No,0,0,0.89,Sí,Mixto,39,18,3.04,100,74,0,0,No,No,,,,0.096,No
EST-01189,2,19,Hombre,Valle del Cauca,Urbana,2,Oficial,30,Contaduría,No,0,0,1.64,No,Recursos familiares,9,20,3.14,80.6,75,0,0,No,No,20,20,100,0.1256,No
EST-01190,1,19,Mujer,Cauca,Urbana,2,Privado,62,Enfermería,No,0,0,0.64,Sí,Recursos familiares,28,14,2.91,88.6,75,0,0,No,No,,,,0.0873,No
EST-01191,1,18,Hombre,Bogotá D.C.,Urbana,3,Privado,72,Ingeniería Industrial,No,0,0,2.64,Sí,Recursos familiares,50,18,3.3,87.2,57,0,1,No,No,,,,0.0739,No
EST-01192,2,19,Mujer,Bogotá D.C.,Urbana,4,Oficial,65,Ingeniería de Sistemas,No,0,0,2.25,No,Recursos familiares,72,18,3.49,94.9,59,0,0,No,No,18,18,100,0.0781,No
EST-01193,1,19,Mujer,Nariño,Urbana,1,Oficial,31,Administración,No,0,0,0.89,Sí,Recursos familiares,55,16,2.8,93.4,80,1,0,No,No,,,,0.0776,No
EST-01194,2,23,Mujer,Valle del Cauca,Urbana,2,Oficial,46,Administración,No,0,1,1.15,No,Beca / subsidio,27,15,4.9,95,97,0,1,No,No,16,16,100,0.05,No
EST-01195,1,19,Mujer,Antioquia,Urbana,3,Privado,42,Contaduría,Sí,25,0,2.6,No,Recursos familiares,9,20,2.8,75.9,48,0,1,No,No,,,,0.2714,No
EST-01196,1,24,Hombre,Boyacá,Urbana,3,Privado,11,Psicología,Sí,20,0,2.13,No,Recursos familiares,32,18,2.8,86.2,51,1,0,No,No,,,,0.1565,No
EST-01197,1,19,Mujer,Atlántico,Urbana,2,Oficial,52,Derecho,No,0,0,1.22,No,Crédito educativo,46,18,4.05,100,80,0,0,No,No,,,,0.0828,Sí
EST-01198,1,17,Hombre,Atlántico,Urbana,3,Oficial,66,Comunicación,No,0,0,2.14,No,Beca / subsidio,62,16,3.81,95.6,71,0,0,Sí,No,,,,0.1731,No
EST-01199,2,24,Mujer,Tolima,Urbana,4,Privado,18,Administración,No,0,0,2.93,No,Mixto,34,18,3.01,94.4,73,0,0,Sí,No,18,18,100,0.1726,No
EST-01200,1,31,Mujer,Otro,Urbana,3,Oficial,37,Psicología,Sí,16,0,2.04,No,Mixto,54,20,3.46,88.5,89,0,0,No,No,,,,0.0764,No
EST-01201,2,19,Mujer,Boyacá,Urbana,2,Oficial,53,Derecho,Sí,36,0,2.5,No,Crédito educativo,48,17,3.8,94.5,87,0,3,No,No,18,14,77.8,0.1636,No
EST-01202,1,22,Mujer,Bogotá D.C.,Urbana,3,Privado,28,Negocios Internacionales,No,0,0,2.8,No,Recursos familiares,72,18,2.99,92.4,84,0,0,No,No,,,,0.0843,Sí
EST-01203,2,24,Mujer,Caldas,Urbana,3,Privado,57,Ingeniería de Sistemas,Sí,33,0,2.2,No,Recursos familiares,21,17,3.64,87.4,76,0,0,No,No,18,18,100,0.0941,No
EST-01204,1,19,Mujer,Magdalena,Rural,1,Oficial,56,Administración,No,0,0,0.45,Sí,Mixto,67,16,3.41,88.5,100,0,0,No,No,,,,0.072,No
EST-01205,1,23,Mujer,Cundinamarca,Urbana,2,Oficial,30,Derecho,Sí,13,0,1.04,No,Recursos familiares,46,19,3.19,91.8,78,0,0,Sí,No,,,,0.2479,No
EST-01206,2,24,Mujer,Bogotá D.C.,Urbana,2,Privado,48,Enfermería,No,0,0,1.15,Sí,Mixto,65,14,3.49,88.4,73,1,0,No,No,18,16,88.9,0.0636,No
EST-01207,1,24,Mujer,Cundinamarca,Urbana,3,Oficial,64,Comunicación,Sí,19,0,1.44,No,Mixto,72,20,3,88.9,77,0,1,Sí,No,,,,0.2153,No
EST-01208,2,21,Mujer,Boyacá,Urbana,2,Privado,60,Derecho,Sí,17,0,1.68,No,Recursos familiares,16,16,3.68,96.8,63,0,0,No,Sí,16,15,93.8,0.0566,No
EST-01209,2,22,Mujer,Cesar,Urbana,3,Oficial,27,Ingeniería de Sistemas,No,0,0,2.2,Sí,Recursos familiares,64,16,2.67,83.3,66,0,0,No,No,18,18,100,0.0637,No
EST-01210,1,19,No binario / otro,Cundinamarca,Rural,2,Oficial,18,Ingeniería de Sistemas,No,0,0,1.59,No,Crédito educativo,91,18,2.66,96.7,57,0,0,No,No,,,,0.3208,No
EST-01211,2,19,Mujer,Boyacá,Rural,2,Oficial,47,Psicología,No,0,0,0.97,No,Recursos familiares,80,16,3.4,81.6,66,1,0,No,No,18,16,88.9,0.2161,No
EST-01212,1,25,Hombre,Antioquia,Urbana,2,Privado,38,Administración,Sí,23,0,1.52,No,Mixto,13,17,2.64,88.4,56,0,0,No,No,,,,0.2686,No
EST-01213,1,22,Hombre,Otro,Rural,1,Oficial,7,Enfermería,No,0,0,1.26,Sí,Mixto,93,19,2.76,80.7,36,0,0,No,No,,,,0.2527,No
EST-01214,1,20,Mujer,Cauca,Urbana,1,Oficial,84,Administración,No,0,0,0.96,No,Mixto,78,15,3.95,91.5,81,3,0,No,No,,,,0.1715,No
EST-01215,2,24,Hombre,Bogotá D.C.,Urbana,1,Oficial,51,Ingeniería de Sistemas,Sí,21,0,0.6,Sí,Beca / subsidio,97,15,3.35,92,51,0,0,Sí,Sí,20,20,100,0.0964,No
EST-01216,1,18,Mujer,Otro,Urbana,4,Privado,64,Administración,No,0,0,3.66,No,Recursos familiares,39,17,4.27,100,94,0,2,Sí,No,,,,0.1288,Sí
EST-01217,2,21,Hombre,Tolima,Rural,3,Oficial,40,Negocios Internacionales,No,0,0,3.07,No,Recursos familiares,59,17,3.44,89,88,1,1,No,Sí,20,16,80,0.1026,No
EST-01218,1,19,Hombre,Antioquia,Urbana,2,Oficial,44,Contaduría,No,0,0,1.12,No,Crédito educativo,22,16,3.21,91.6,70,0,0,No,No,,,,0.1466,No
EST-01219,2,18,Hombre,Atlántico,Urbana,2,Privado,40,Contaduría,No,0,0,3.12,No,Beca / subsidio,43,19,2.89,80,52,2,0,No,No,18,14,77.8,0.2447,No
EST-01220,1,20,Mujer,Atlántico,Urbana,3,Oficial,51,Administración,No,0,0,2.39,No,Crédito educativo,18,16,3.78,92.8,97,0,0,No,No,,,,0.0752,No
EST-01221,1,24,Hombre,Caldas,Urbana,2,Oficial,54,Ingeniería Industrial,No,0,0,1.41,Sí,Mixto,59,17,3.48,98.1,89,0,0,Sí,No,,,,0.0833,No
EST-01222,2,23,Hombre,Córdoba,Rural,2,Oficial,65,Ingeniería Industrial,No,0,0,1.52,No,Recursos familiares,32,19,3.65,83.4,79,0,0,No,No,20,20,100,0.0479,No
EST-01223,1,24,Mujer,Córdoba,Rural,1,Oficial,3,Comunicación,No,0,0,0.46,Sí,Crédito educativo,129,20,2.87,84,67,0,0,No,No,,,,0.1174,No
EST-01224,1,18,Mujer,Cundinamarca,Urbana,5,Privado,99,Comunicación,No,0,0,8.27,No,Recursos familiares,60,14,3.05,96.3,71,0,0,No,No,,,,0.0988,No
EST-01225,2,21,Hombre,Bolívar,Urbana,2,Oficial,53,Administración,Sí,28,0,1.88,No,Recursos familiares,40,16,2.86,90.2,80,0,0,No,No,14,14,100,0.1851,Sí
EST-01226,2,18,Hombre,Valle del Cauca,Urbana,3,Oficial,50,Administración,No,0,0,1.46,No,Mixto,24,18,3.1,85.2,59,0,0,No,No,18,18,100,0.0813,No
EST-01227,2,22,Hombre,Cauca,Urbana,2,Oficial,83,Ingeniería Industrial,No,0,0,1.26,No,Crédito educativo,29,18,3.52,91.5,77,0,0,No,Sí,16,16,100,0.1,No
EST-01228,2,17,Hombre,Quindío,Urbana,3,Oficial,17,Administración,No,0,0,2.1,No,Crédito educativo,75,17,3.04,88,74,0,0,No,No,16,16,100,0.1196,No
EST-01229,1,21,Hombre,Risaralda,Urbana,2,Privado,79,Ingeniería de Sistemas,Sí,32,0,1.95,Sí,Mixto,65,19,3.69,88.4,68,0,0,No,No,,,,0.1039,No
EST-01230,1,18,Hombre,Norte de Santander,Rural,1,Oficial,34,Comunicación,No,0,0,0.98,No,Recursos familiares,35,19,3.02,83.4,79,0,0,No,No,,,,0.1589,Sí
EST-01231,1,19,Hombre,Antioquia,Urbana,4,Oficial,62,Ingeniería de Sistemas,No,0,0,3.3,No,Recursos familiares,34,18,3.52,90.2,68,0,0,No,No,,,,0.0905,No
EST-01232,2,18,Hombre,Quindío,Urbana,2,Oficial,81,Comunicación,No,0,0,1.31,Sí,Recursos familiares,56,18,4.07,84.5,87,0,0,No,No,18,18,100,0.021,No
EST-01233,1,19,Mujer,Valle del Cauca,Rural,2,Oficial,11,Contaduría,Sí,26,0,1.81,Sí,Recursos familiares,39,18,4.25,82.9,61,0,0,No,No,,,,0.0752,No
EST-01234,1,18,Hombre,Bogotá D.C.,Urbana,3,Oficial,55,Comunicación,Sí,18,0,2.16,No,Recursos familiares,55,16,3.9,95.1,82,0,0,No,No,,,,0.0479,Sí
EST-01235,2,18,Mujer,Norte de Santander,Rural,2,Privado,19,Contaduría,No,0,0,1.18,No,Crédito educativo,110,16,3.09,77.5,66,0,0,No,No,20,19,95,0.215,No
EST-01236,2,18,Hombre,Antioquia,Rural,2,Oficial,52,Administración,Sí,21,0,1.14,Sí,Recursos familiares,90,16,3.35,96.4,86,0,0,Sí,No,18,17,94.4,0.1125,Sí
EST-01237,1,18,Hombre,Córdoba,Urbana,1,Oficial,38,Ingeniería Industrial,No,0,0,0.72,No,Crédito educativo,45,16,3.47,98.7,75,0,0,Sí,No,,,,0.2439,No
EST-01238,1,19,No binario / otro,Bolívar,Urbana,2,Oficial,32,Psicología,No,0,0,1.12,No,Recursos familiares,28,20,3.48,81.1,72,2,0,No,No,,,,0.2127,No
EST-01239,1,21,Mujer,Valle del Cauca,Urbana,2,Oficial,45,Ingeniería de Sistemas,Sí,23,0,1.51,No,Crédito educativo,42,18,3.54,94.9,67,0,1,No,No,,,,0.1652,No
EST-01240,1,19,Hombre,Valle del Cauca,Urbana,2,Oficial,51,Diseño,Sí,25,0,1.9,Sí,Beca / subsidio,5,19,2.63,77.8,66,1,0,No,No,,,,0.3149,No
EST-01241,2,24,Hombre,Risaralda,Urbana,3,Oficial,19,Negocios Internacionales,No,0,0,1.92,Sí,Beca / subsidio,73,19,3.02,95.3,63,0,1,No,No,16,14,87.5,0.0849,Sí
EST-01242,1,16,Hombre,Antioquia,Urbana,3,Oficial,53,Administración,No,0,0,2.27,No,Mixto,30,15,2.88,87.9,55,0,0,No,No,,,,0.0864,No
EST-01243,1,24,Mujer,Valle del Cauca,Urbana,4,Privado,48,Enfermería,No,0,0,5.34,No,Crédito educativo,13,15,3.77,97.4,77,0,0,No,No,,,,0.0864,No
EST-01244,1,18,Mujer,Nariño,Urbana,2,Oficial,44,Psicología,No,0,0,2.17,No,Crédito educativo,33,16,3.38,88.3,68,0,0,No,No,,,,0.1315,No
EST-01245,2,20,Hombre,Atlántico,Urbana,1,Oficial,41,Contaduría,No,0,0,0.53,No,Crédito educativo,46,18,4.13,99.8,59,0,0,No,No,18,17,94.4,0.0521,Sí
EST-01246,1,19,Hombre,Bogotá D.C.,Urbana,1,Oficial,47,Comunicación,No,0,0,0.88,No,Recursos familiares,41,18,3.62,91.4,75,0,0,No,No,,,,0.089,No
EST-01247,2,24,Hombre,Antioquia,Urbana,2,Oficial,46,Psicología,Sí,22,0,1.62,Sí,Beca / subsidio,66,16,4.38,95.2,78,0,0,No,No,18,18,100,0.0516,No
EST-01248,1,35,Mujer,Antioquia,Urbana,3,Oficial,93,Administración,Sí,43,0,2.13,No,Recursos familiares,22,18,3.88,95.4,65,0,0,No,No,,,,0.1129,No
EST-01249,1,16,Mujer,Bogotá D.C.,Urbana,4,Privado,27,Ingeniería de Sistemas,No,0,0,3.28,No,Mixto,66,17,3.34,95,85,0,0,No,No,,,,0.106,No
EST-01250,2,18,Hombre,Santander,Rural,2,Oficial,59,Derecho,No,0,1,1.13,Sí,Mixto,70,18,3.27,94,94,0,1,No,No,14,14,100,0.0539,No
EST-01251,2,20,Hombre,Córdoba,Urbana,3,Oficial,59,Ingeniería de Sistemas,No,0,0,5.02,No,Crédito educativo,6,15,3.02,88.2,70,1,0,No,No,18,15,83.3,0.1466,No
EST-01252,2,19,Hombre,Antioquia,Urbana,2,Oficial,58,Contaduría,No,0,0,1.51,No,Crédito educativo,27,18,3.42,93.5,69,0,0,Sí,No,16,15,93.8,0.181,No
EST-01253,1,20,Hombre,Antioquia,Urbana,2,Oficial,68,Derecho,Sí,4,0,2.42,No,Recursos familiares,51,18,3.84,94.9,71,0,0,No,No,,,,0.0884,Sí
EST-01254,1,16,Mujer,Otro,Urbana,2,Privado,48,Contaduría,Sí,8,0,1.72,No,Crédito educativo,30,16,3.98,100,78,0,0,No,No,,,,0.0953,No
EST-01255,1,26,Mujer,Atlántico,Urbana,1,Oficial,64,Ingeniería Industrial,Sí,19,0,0.63,Sí,Recursos familiares,73,18,3.28,86.8,66,0,0,No,No,,,,0.0565,No
EST-01256,2,21,Mujer,Otro,Rural,3,Oficial,65,Diseño,No,0,0,1.53,No,Recursos familiares,95,17,4,91.4,74,0,0,No,No,18,18,100,0.0668,No
EST-01257,2,24,Mujer,Cesar,Urbana,1,Privado,60,Psicología,Sí,21,0,0.88,No,Recursos familiares,25,19,3.67,92.9,68,0,2,No,No,20,17,85,0.1618,No
EST-01258,1,18,Hombre,Caldas,Rural,1,Oficial,43,Contaduría,Sí,4,1,0.74,Sí,Recursos familiares,75,19,3.25,86.7,79,0,0,Sí,No,,,,0.1107,No
EST-01259,2,32,Hombre,Valle del Cauca,Rural,1,Oficial,35,Enfermería,Sí,28,0,0.75,Sí,Mixto,67,16,2.6,83.3,41,0,0,No,No,18,18,100,0.2233,No
EST-01260,2,19,Hombre,Antioquia,Urbana,5,Privado,85,Ingeniería Industrial,Sí,4,0,4.05,No,Mixto,49,18,3.88,96,71,0,0,No,No,18,18,100,0.0163,No
EST-01261,1,20,Mujer,Risaralda,Urbana,1,Oficial,32,Administración,No,0,0,0.9,No,Crédito educativo,59,17,2.8,92.2,63,2,0,No,No,,,,0.2957,No
EST-01262,1,17,Mujer,Antioquia,Urbana,2,Privado,41,Ingeniería de Sistemas,No,0,0,1.14,No,Crédito educativo,23,16,3.58,94.7,73,0,1,Sí,No,,,,0.2979,No
EST-01263,1,27,Mujer,Córdoba,Urbana,2,Oficial,61,Contaduría,Sí,27,1,1.61,No,Crédito educativo,52,18,3.05,84.2,63,0,2,No,No,,,,0.432,Sí
EST-01264,1,20,Hombre,Bogotá D.C.,Urbana,1,Oficial,28,Ingeniería Industrial,No,0,0,0.81,Sí,Recursos familiares,33,18,3.6,93.7,73,0,0,No,No,,,,0.0611,No
EST-01265,2,21,Mujer,Valle del Cauca,Urbana,2,Oficial,73,Contaduría,Sí,13,0,1.05,Sí,Mixto,5,18,3.3,83.9,77,0,0,No,No,16,16,100,0.01,No
EST-01266,1,19,Mujer,Antioquia,Urbana,2,Privado,46,Enfermería,No,0,0,1.78,No,Recursos familiares,51,16,2.81,88.2,58,0,0,No,No,,,,0.138,No
EST-01267,2,18,Mujer,Bolívar,Urbana,2,Privado,40,Psicología,Sí,9,0,1.05,No,Recursos familiares,22,19,3.24,93.1,73,0,0,No,No,16,16,100,0.0724,Sí
EST-01268,2,18,Mujer,Bogotá D.C.,Urbana,4,Privado,69,Ingeniería Industrial,Sí,10,0,3.66,No,Crédito educativo,91,16,2.76,82.3,63,1,0,No,No,16,13,81.2,0.2761,No
EST-01269,1,21,Hombre,Bogotá D.C.,Urbana,3,Oficial,35,Ingeniería de Sistemas,No,0,0,2.21,No,Beca / subsidio,46,16,2.81,100,63,0,0,No,No,,,,0.0912,No
EST-01270,2,20,Mujer,Atlántico,Urbana,3,Privado,57,Ingeniería Industrial,No,0,0,2.1,No,Recursos familiares,56,16,3.88,100,77,0,0,No,No,20,20,100,0.0628,No
EST-01271,1,18,Mujer,Bogotá D.C.,Urbana,3,Privado,61,Administración,No,0,0,1.77,Sí,Mixto,42,18,3.55,95.5,76,0,0,No,Sí,,,,0.0471,No
EST-01272,2,20,Hombre,Bogotá D.C.,Urbana,2,Privado,38,Comunicación,No,0,0,1.81,Sí,Recursos familiares,82,19,2.9,84.8,63,0,0,Sí,No,18,17,94.4,0.1052,No
EST-01273,1,33,Hombre,Valle del Cauca,Rural,1,Privado,23,Derecho,No,0,1,0.45,No,Crédito educativo,82,16,2.31,84,53,0,0,No,No,,,,0.44,Sí
EST-01274,1,21,Mujer,Atlántico,Urbana,3,Oficial,54,Enfermería,Sí,29,0,5.03,No,Mixto,5,18,3.33,82.7,74,0,0,No,No,,,,0.1379,No
EST-01275,2,18,Mujer,Cundinamarca,Urbana,3,Oficial,53,Psicología,Sí,15,0,1.08,Sí,Crédito educativo,29,15,3.43,86.2,72,0,0,No,No,16,16,100,0.052,No
EST-01276,1,18,Hombre,Risaralda,Urbana,4,Privado,58,Psicología,Sí,18,0,5.18,No,Crédito educativo,31,15,4.41,100,79,0,3,No,No,,,,0.1329,No
EST-01277,1,18,Mujer,Antioquia,Rural,6,Oficial,41,Administración,No,0,0,11.82,Sí,Beca / subsidio,35,17,3.82,99.2,62,0,0,No,No,,,,0.0304,No
EST-01278,2,21,Hombre,Antioquia,Urbana,3,Oficial,69,Ingeniería Industrial,No,0,0,5.3,No,Recursos familiares,14,18,3.57,100,76,1,0,No,No,18,17,94.4,0.0831,No
EST-01279,1,18,Hombre,Meta,Rural,5,Privado,68,Diseño,No,0,0,3.71,No,Recursos familiares,71,17,2.78,88.1,42,1,1,No,No,,,,0.3121,Sí
EST-01280,1,22,Mujer,Cauca,Rural,2,Privado,53,Contaduría,No,0,0,0.93,Sí,Beca / subsidio,116,18,3.17,79.8,71,0,0,No,No,,,,0.153,No
EST-01281,1,20,Hombre,Antioquia,Urbana,2,Oficial,79,Contaduría,No,0,0,2.47,No,Recursos familiares,19,17,3.4,99.7,75,0,0,Sí,No,,,,0.1827,No
EST-01282,1,18,Hombre,Atlántico,Urbana,3,Oficial,56,Psicología,No,0,0,1.31,No,Beca / subsidio,5,19,3.43,88.8,64,0,0,No,No,,,,0.0711,No
EST-01283,1,19,Hombre,Cesar,Rural,2,Oficial,48,Comunicación,Sí,15,0,1.81,Sí,Beca / subsidio,82,17,3.96,86.5,66,0,0,No,No,,,,0.1017,No
EST-01284,2,21,Mujer,Santander,Urbana,2,Oficial,41,Diseño,Sí,33,0,2.2,No,Mixto,53,16,3.06,80.4,57,0,0,No,No,18,18,100,0.1455,Sí
EST-01285,2,22,Hombre,Bogotá D.C.,Urbana,3,Privado,62,Enfermería,No,0,0,2.85,No,Beca / subsidio,93,16,3.52,85.9,47,0,0,No,No,18,17,94.4,0.0628,No
EST-01286,1,19,Mujer,Bogotá D.C.,Urbana,3,Privado,99,Negocios Internacionales,No,0,0,2.77,No,Mixto,73,20,3.41,89,69,0,0,Sí,No,,,,0.122,No
EST-01287,1,20,Hombre,Otro,Urbana,3,Oficial,20,Ingeniería Industrial,No,0,0,1.77,No,Crédito educativo,30,18,3.04,87,52,0,0,No,No,,,,0.1198,No
EST-01288,2,19,Mujer,Atlántico,Urbana,2,Privado,32,Negocios Internacionales,No,0,0,1.83,No,Crédito educativo,60,19,3.4,87.8,86,0,0,Sí,No,20,20,100,0.1348,Sí
EST-01289,1,21,Hombre,Valle del Cauca,Urbana,2,Oficial,63,Psicología,Sí,15,0,1.68,Sí,Beca / subsidio,49,15,2.93,91.8,100,0,0,No,No,,,,0.0707,No
EST-01290,2,18,Mujer,Bogotá D.C.,Urbana,2,Oficial,30,Ingeniería de Sistemas,No,0,1,2.06,No,Crédito educativo,62,16,3.32,82,68,0,0,No,No,20,20,100,0.1286,No
EST-01291,2,18,No binario / otro,Tolima,Urbana,3,Oficial,36,Administración,No,0,0,2.63,No,Crédito educativo,42,16,3.81,99,71,3,0,No,No,20,14,70,0.1662,Sí
EST-01292,2,21,Hombre,Valle del Cauca,Urbana,3,Oficial,53,Ingeniería de Sistemas,No,0,0,2.31,No,Crédito educativo,66,17,2.87,91.5,71,0,0,No,No,16,16,100,0.0965,No
EST-01293,1,19,Hombre,Valle del Cauca,Urbana,3,Oficial,49,Contaduría,No,0,1,3,Sí,Recursos familiares,30,17,3.62,92.7,56,0,0,No,No,,,,0.0722,No
EST-01294,1,20,Hombre,Norte de Santander,Urbana,2,Privado,43,Derecho,No,0,0,0.8,Sí,Beca / subsidio,5,17,3.66,93.4,85,0,0,No,No,,,,0.0364,No
EST-01295,2,19,Mujer,Córdoba,Urbana,1,Oficial,39,Psicología,Sí,16,0,0.92,Sí,Mixto,19,18,2.94,88.5,49,0,0,No,No,16,15,93.8,0.0613,No
EST-01296,2,19,Mujer,Antioquia,Urbana,3,Oficial,90,Administración,Sí,21,0,3,No,Recursos familiares,52,20,3.82,91.2,64,0,0,No,No,16,15,93.8,0.0643,No
EST-01297,2,21,Hombre,Atlántico,Urbana,2,Oficial,51,Administración,No,0,0,3.69,Sí,Mixto,22,20,3.27,89.4,82,0,0,No,No,18,18,100,0.0221,No
EST-01298,1,18,Hombre,Bogotá D.C.,Urbana,2,Oficial,44,Ingeniería de Sistemas,Sí,15,0,1.43,Sí,Mixto,37,18,3.6,84.6,94,0,0,No,No,,,,0.0568,No
EST-01299,1,22,Mujer,Antioquia,Urbana,2,Oficial,23,Enfermería,Sí,6,0,1.31,No,Recursos familiares,45,20,3.23,89.6,87,1,0,No,No,,,,0.0914,No
EST-01300,1,20,Mujer,Santander,Rural,1,Oficial,31,Derecho,No,0,0,0.78,Sí,Mixto,102,20,2.94,73.3,63,0,0,No,No,,,,0.1376,Sí
EST-01301,1,19,Mujer,Quindío,Rural,3,Oficial,25,Negocios Internacionales,No,0,0,1.68,No,Mixto,46,16,2.5,84.3,44,0,1,Sí,No,,,,0.3315,No
EST-01302,1,18,Hombre,Cundinamarca,Urbana,2,Privado,49,Negocios Internacionales,No,0,0,1.86,Sí,Mixto,41,20,3.81,99.6,58,0,0,No,No,,,,0.0539,No
EST-01303,2,20,Hombre,Boyacá,Urbana,2,Oficial,33,Derecho,No,0,1,1.21,Sí,Recursos familiares,61,20,3.69,81.8,77,0,0,No,No,18,18,100,0.0998,No
EST-01304,1,19,Mujer,Bogotá D.C.,Urbana,1,Oficial,35,Enfermería,No,0,0,1.15,No,Crédito educativo,50,16,3.73,86.9,57,0,0,Sí,No,,,,0.2329,No
EST-01305,1,17,Mujer,Caldas,Rural,2,Privado,50,Enfermería,Sí,16,0,1.34,Sí,Beca / subsidio,134,18,2.47,81,74,0,0,No,No,,,,0.3019,No
EST-01306,1,21,Mujer,Meta,Urbana,3,Oficial,62,Contaduría,No,0,0,2.06,No,Crédito educativo,19,20,3.86,89.1,61,0,0,No,Sí,,,,0.0483,No
EST-01307,1,19,Mujer,Bogotá D.C.,Urbana,3,Oficial,43,Derecho,No,0,0,2.42,No,Recursos familiares,29,14,3.27,82.7,72,0,0,No,No,,,,0.0771,No
EST-01308,1,21,Hombre,Risaralda,Urbana,3,Oficial,51,Ingeniería de Sistemas,No,0,0,2.12,No,Crédito educativo,34,18,3.39,91.8,86,0,0,Sí,No,,,,0.1181,No
EST-01309,2,25,Hombre,Nariño,Rural,2,Oficial,62,Ingeniería de Sistemas,Sí,15,0,2.5,Sí,Mixto,35,16,2.89,83.8,62,0,0,No,No,16,16,100,0.0536,No
EST-01310,1,19,Hombre,Santander,Urbana,3,Privado,61,Comunicación,Sí,21,0,2.61,Sí,Mixto,18,17,3.69,97,65,0,0,No,Sí,,,,0.0561,Sí
EST-01311,1,20,Mujer,Antioquia,Rural,1,Oficial,57,Enfermería,Sí,23,0,1.26,No,Recursos familiares,91,14,3.31,77.4,78,0,0,No,No,,,,0.1975,No
EST-01312,2,19,Mujer,Bogotá D.C.,Rural,3,Oficial,65,Enfermería,No,0,0,1.12,No,Recursos familiares,72,15,3.45,96.4,80,0,0,No,No,18,18,100,0.0628,No
EST-01313,1,18,Mujer,Bolívar,Urbana,2,Oficial,42,Contaduría,Sí,11,0,1.72,No,Recursos familiares,14,20,2.93,77.4,69,0,1,Sí,No,,,,0.3643,Sí
EST-01314,2,20,Mujer,Bogotá D.C.,Urbana,2,Privado,33,Comunicación,Sí,12,0,1.22,Sí,Mixto,77,19,3.7,94.1,80,0,0,No,No,18,17,94.4,0.0354,No
EST-01315,2,17,Hombre,Valle del Cauca,Urbana,2,Oficial,21,Administración,No,0,0,1.4,Sí,Mixto,52,18,2.24,76.8,27,1,0,No,No,20,18,90,0.1999,Sí
EST-01316,2,25,Mujer,Bogotá D.C.,Urbana,2,Oficial,31,Ingeniería de Sistemas,Sí,14,0,1.35,Sí,Beca / subsidio,12,18,3.03,100,59,0,0,No,No,18,18,100,0.0823,No
EST-01317,2,19,Hombre,Bolívar,Urbana,2,Privado,11,Comunicación,No,0,0,0.83,No,Mixto,77,18,3.38,87.3,75,0,0,No,No,14,14,100,0.0727,No
EST-01318,2,19,Hombre,Santander,Urbana,2,Privado,69,Contaduría,No,0,0,1.1,No,Crédito educativo,27,18,4.26,97.3,82,0,0,Sí,No,20,20,100,0.1453,No
EST-01319,2,22,Mujer,Cauca,Rural,5,Privado,48,Psicología,Sí,27,0,7.8,No,Recursos familiares,49,16,3.61,87.6,70,0,1,No,No,18,18,100,0.0832,Sí
EST-01320,1,19,Hombre,Atlántico,Urbana,2,Privado,52,Derecho,No,0,0,1.59,Sí,Recursos familiares,30,16,4.21,94.7,66,0,0,No,No,,,,0.0328,No
EST-01321,1,18,Mujer,Valle del Cauca,Urbana,1,Oficial,39,Diseño,No,0,0,0.49,No,Crédito educativo,28,16,3.89,100,79,0,0,No,No,,,,0.1106,No
EST-01322,2,19,Hombre,Bogotá D.C.,Urbana,3,Oficial,30,Enfermería,No,0,0,1.33,No,Mixto,26,15,2.83,88.9,75,0,0,No,Sí,20,20,100,0.0694,No
EST-01323,2,21,Mujer,Atlántico,Urbana,2,Oficial,44,Contaduría,Sí,34,0,1.57,No,Crédito educativo,36,18,3.42,86.9,68,0,1,No,Sí,20,19,95,0.1423,No
EST-01324,1,17,Mujer,Bogotá D.C.,Urbana,2,Privado,34,Ingeniería Industrial,Sí,14,0,2.12,No,Crédito educativo,91,19,3.27,97.2,58,0,0,No,No,,,,0.1692,No
EST-01325,2,24,Mujer,Cauca,Urbana,4,Privado,43,Contaduría,No,0,0,3.31,No,Crédito educativo,37,16,2.96,90.4,70,0,0,Sí,No,14,14,100,0.1588,No
EST-01326,1,19,Mujer,Boyacá,Urbana,1,Privado,33,Enfermería,No,0,0,0.67,No,Recursos familiares,15,20,3.24,91.9,74,0,0,No,No,,,,0.0859,No
EST-01327,1,18,Mujer,Santander,Urbana,3,Privado,46,Ingeniería Industrial,No,0,0,3.28,No,Recursos familiares,25,16,3.29,99.7,62,0,0,Sí,No,,,,0.0932,Sí
EST-01328,1,21,Mujer,Bogotá D.C.,Urbana,1,Oficial,52,Ingeniería Industrial,No,0,0,0.8,Sí,Recursos familiares,87,19,3.63,97.9,52,0,0,Sí,No,,,,0.1148,No
EST-01329,1,17,Hombre,Cundinamarca,Urbana,3,Privado,32,Psicología,No,0,0,3.25,No,Recursos familiares,31,18,3.37,99.8,56,1,0,No,No,,,,0.0984,No
EST-01330,2,18,Mujer,Tolima,Rural,2,Oficial,42,Ingeniería de Sistemas,No,0,0,2.11,Sí,Beca / subsidio,63,16,3.55,83,54,0,0,No,No,16,16,100,0.0547,No
EST-01331,2,19,Hombre,Atlántico,Urbana,4,Privado,42,Administración,No,0,0,4.75,No,Beca / subsidio,71,17,3.7,90.2,96,0,0,No,No,16,16,100,0.0368,No
EST-01332,2,20,No binario / otro,Atlántico,Urbana,2,Oficial,39,Negocios Internacionales,No,0,0,1.08,No,Recursos familiares,35,18,3.11,85.6,73,0,0,Sí,Sí,16,16,100,0.1727,No
EST-01333,1,24,Mujer,Risaralda,Urbana,2,Oficial,71,Enfermería,Sí,22,0,0.99,Sí,Beca / subsidio,26,14,3.73,84.4,91,0,0,No,No,,,,0.0618,No
EST-01334,1,34,Mujer,Atlántico,Urbana,5,Privado,46,Negocios Internacionales,Sí,46,0,7.18,Sí,Beca / subsidio,42,20,1.75,72.4,57,2,2,No,Sí,,,,0.5517,No
EST-01335,1,19,Hombre,Valle del Cauca,Urbana,6,Oficial,50,Derecho,No,0,0,8.7,No,Recursos familiares,53,15,3.5,88.4,95,0,0,No,No,,,,0.0635,No
EST-01336,1,24,Hombre,Otro,Urbana,2,Oficial,88,Psicología,No,0,0,2.87,No,Crédito educativo,59,16,4.02,92.3,67,0,0,No,No,,,,0.1173,No
EST-01337,2,19,Hombre,Atlántico,Urbana,1,Oficial,54,Enfermería,No,0,0,0.71,Sí,Mixto,47,18,3.79,89.7,82,0,0,No,No,18,18,100,0.0568,No
EST-01338,1,20,Hombre,Bogotá D.C.,Urbana,2,Privado,74,Derecho,No,0,0,1.7,No,Crédito educativo,50,16,3.88,100,85,0,0,Sí,No,,,,0.171,No
EST-01339,1,18,Mujer,Huila,Rural,5,Privado,48,Ingeniería de Sistemas,No,0,0,5.68,No,Recursos familiares,70,20,4,97,77,0,0,No,No,,,,0.0627,No
EST-01340,2,19,Mujer,Meta,Urbana,2,Oficial,74,Ingeniería de Sistemas,No,0,0,1.94,No,Beca / subsidio,48,17,3.29,91.6,70,1,0,No,No,16,13,81.2,0.0892,No
EST-01341,2,19,Hombre,Antioquia,Urbana,2,Oficial,18,Contaduría,No,0,0,1.46,Sí,Mixto,57,16,3.32,91.9,100,0,0,No,No,20,19,95,0.106,No
EST-01342,1,22,Hombre,Risaralda,Rural,2,Oficial,27,Psicología,Sí,15,0,1.14,No,Beca / subsidio,51,18,2.45,87.3,28,3,0,No,Sí,,,,0.4489,No
EST-01343,1,23,Mujer,Valle del Cauca,Urbana,3,Privado,53,Contaduría,No,0,0,2.73,No,Recursos familiares,32,14,3.28,92.9,71,0,2,No,No,,,,0.0942,No
EST-01344,1,32,Mujer,Antioquia,Urbana,3,Oficial,53,Administración,Sí,39,0,1.46,No,Recursos familiares,9,15,3.2,81.9,66,0,1,No,No,,,,0.1726,No
EST-01345,2,32,Hombre,Atlántico,Urbana,3,Oficial,54,Negocios Internacionales,Sí,48,0,1.33,No,Recursos familiares,50,15,2.5,81.5,56,1,0,No,Sí,18,16,88.9,0.2607,No
EST-01346,1,22,Mujer,Santander,Urbana,2,Privado,68,Comunicación,Sí,16,0,1.46,No,Beca / subsidio,59,18,3.91,98.6,84,0,0,Sí,No,,,,0.1486,No
EST-01347,1,21,Hombre,Cesar,Urbana,1,Oficial,51,Negocios Internacionales,No,0,0,0.72,No,Crédito educativo,46,17,3.92,89.8,68,0,0,No,No,,,,0.0904,No
EST-01348,1,21,Mujer,Cundinamarca,Urbana,2,Privado,52,Negocios Internacionales,No,0,0,1.2,No,Mixto,31,15,3.4,82.2,80,0,0,No,No,,,,0.0993,No
EST-01349,1,34,Hombre,Valle del Cauca,Urbana,2,Oficial,40,Negocios Internacionales,Sí,48,0,2.14,Sí,Beca / subsidio,24,18,2.36,86.5,56,1,0,No,No,,,,0.23,No
EST-01350,2,19,Mujer,Cundinamarca,Urbana,3,Oficial,19,Negocios Internacionales,No,0,0,2.57,No,Mixto,44,15,3.12,98.3,62,0,0,No,No,18,17,94.4,0.0712,No
EST-01351,2,17,Mujer,Antioquia,Rural,3,Oficial,42,Enfermería,No,0,0,1.56,No,Beca / subsidio,26,17,3.46,89.9,71,0,0,No,No,20,20,100,0.0826,No
EST-01352,1,18,Mujer,Bolívar,Urbana,5,Privado,67,Psicología,No,0,0,8.42,No,Crédito educativo,41,15,3.66,92.5,78,0,0,Sí,No,,,,0.157,No
EST-01353,2,20,Hombre,Atlántico,Urbana,2,Privado,91,Ingeniería de Sistemas,No,0,0,1.54,No,Recursos familiares,65,16,3.96,92.8,83,0,0,No,No,16,16,100,0.0665,No
EST-01354,2,23,Hombre,Cundinamarca,Rural,1,Oficial,37,Negocios Internacionales,No,0,0,0.66,No,Recursos familiares,83,19,2.7,80.4,53,0,0,Sí,No,18,18,100,0.4828,Sí
EST-01355,2,22,Mujer,Valle del Cauca,Urbana,2,Oficial,74,Administración,Sí,14,0,1.37,Sí,Crédito educativo,33,17,3.65,96.8,67,2,0,No,No,20,15,75,0.0979,No
EST-01356,2,18,No binario / otro,Antioquia,Rural,3,Oficial,28,Psicología,No,0,0,2.01,No,Mixto,12,18,3.04,91.3,51,0,0,No,No,16,16,100,0.0929,No
EST-01357,1,19,Hombre,Risaralda,Urbana,3,Oficial,47,Diseño,No,0,0,1.82,No,Recursos familiares,56,17,3.88,92.3,89,0,0,No,Sí,,,,0.0508,No
EST-01358,1,18,Hombre,Valle del Cauca,Urbana,2,Privado,62,Contaduría,No,0,0,3.64,No,Recursos familiares,10,18,2.23,71.1,41,1,0,No,No,,,,0.3719,Sí
EST-01359,2,20,Mujer,Santander,Urbana,3,Privado,76,Administración,No,0,0,3.72,No,Recursos familiares,6,18,3.88,100,78,0,0,No,No,18,17,94.4,0.0225,No
EST-01360,1,17,Hombre,Valle del Cauca,Rural,2,Privado,44,Ingeniería de Sistemas,No,0,0,1.03,Sí,Crédito educativo,33,16,3.87,98.3,74,0,0,No,No,,,,0.0468,No
EST-01361,2,18,Hombre,Bolívar,Urbana,2,Privado,20,Derecho,No,0,0,0.92,No,Crédito educativo,35,18,3.19,92.1,66,3,0,No,No,18,12,66.7,0.3627,No
EST-01362,1,18,Mujer,Santander,Urbana,1,Oficial,37,Diseño,No,0,0,0.88,No,Mixto,27,19,2.51,86.8,80,0,0,No,No,,,,0.207,No
EST-01363,1,20,Mujer,Antioquia,Urbana,3,Oficial,46,Derecho,No,0,0,2.63,Sí,Mixto,21,18,3.62,91.2,86,1,0,No,No,,,,0.0393,No
EST-01364,1,20,Hombre,Quindío,Urbana,2,Privado,61,Administración,No,0,0,2.11,No,Crédito educativo,43,16,3.45,85.1,65,0,1,No,Sí,,,,0.1012,No
EST-01365,1,23,Hombre,Santander,Urbana,4,Privado,65,Psicología,No,0,1,6.52,No,Crédito educativo,16,15,3.58,95.1,98,0,0,No,No,,,,0.0922,No
EST-01366,2,16,Hombre,Cundinamarca,Urbana,2,Oficial,40,Administración,No,0,0,0.68,No,Crédito educativo,28,18,2.34,78.3,62,0,0,No,No,16,16,100,0.2577,No
EST-01367,1,18,Hombre,Bogotá D.C.,Urbana,2,Oficial,54,Derecho,No,0,0,2.36,Sí,Mixto,33,15,2.98,78,63,0,0,No,No,,,,0.0788,No
EST-01368,2,20,Hombre,Antioquia,Urbana,3,Privado,72,Derecho,No,0,0,1.53,Sí,Mixto,46,19,3.32,95.5,49,0,0,No,No,18,18,100,0.0162,No
EST-01369,1,19,Hombre,Valle del Cauca,Urbana,1,Oficial,39,Ingeniería de Sistemas,Sí,13,0,0.7,No,Recursos familiares,41,18,2.06,91.1,78,0,0,No,No,,,,0.1967,No
EST-01370,1,21,Hombre,Bogotá D.C.,Urbana,2,Privado,60,Administración,Sí,16,0,2.12,Sí,Beca / subsidio,60,16,2.34,86.1,69,2,0,No,No,,,,0.2469,No
EST-01371,1,19,Mujer,Cundinamarca,Rural,1,Oficial,51,Comunicación,No,0,0,1.3,No,Recursos familiares,20,16,2.83,93.5,57,1,0,Sí,No,,,,0.3327,No
EST-01372,2,21,Hombre,Boyacá,Urbana,2,Privado,51,Administración,No,0,0,1.06,No,Crédito educativo,5,19,4.03,94.6,86,0,0,Sí,No,18,18,100,0.1254,No
EST-01373,1,19,Mujer,Quindío,Rural,1,Oficial,35,Comunicación,No,0,0,1.27,Sí,Mixto,74,18,3.26,94.9,86,0,0,Sí,No,,,,0.089,No
EST-01374,1,19,Hombre,Norte de Santander,Urbana,3,Oficial,55,Ingeniería Industrial,No,0,0,1.68,No,Beca / subsidio,35,18,4.01,90.8,90,0,0,No,No,,,,0.043,No
EST-01375,1,21,Mujer,Bogotá D.C.,Urbana,2,Oficial,50,Negocios Internacionales,No,0,0,1.47,No,Crédito educativo,41,17,3.25,92.7,50,2,0,No,No,,,,0.1974,No
EST-01376,2,19,Mujer,Bogotá D.C.,Urbana,2,Oficial,15,Psicología,No,0,0,1.83,No,Mixto,71,18,3.42,85.5,72,0,0,No,Sí,20,20,100,0.0638,No
EST-01377,1,20,Hombre,Santander,Urbana,1,Oficial,78,Negocios Internacionales,Sí,24,0,1.36,No,Crédito educativo,57,16,3.55,97.4,72,0,0,No,No,,,,0.122,No
EST-01378,2,19,Mujer,Magdalena,Urbana,2,Privado,52,Psicología,Sí,27,0,1.07,No,Crédito educativo,13,18,3.07,83.4,38,0,0,Sí,Sí,18,18,100,0.2927,No
EST-01379,2,21,Mujer,Boyacá,Urbana,2,Privado,67,Ingeniería de Sistemas,No,0,0,1.07,No,Recursos familiares,60,17,2.83,97.4,57,0,0,No,No,18,18,100,0.0983,No
EST-01380,1,19,Hombre,Cundinamarca,Urbana,3,Oficial,42,Diseño,No,0,0,4.48,No,Recursos familiares,23,17,3.35,89.5,65,0,0,No,No,,,,0.0982,No
EST-01381,2,18,Hombre,Bogotá D.C.,Urbana,2,Privado,32,Administración,Sí,19,0,2.12,Sí,Mixto,83,18,2.42,81.6,54,0,0,Sí,No,20,20,100,0.2367,No
EST-01382,1,19,Mujer,Antioquia,Urbana,2,Oficial,47,Administración,No,0,0,1.37,No,Recursos familiares,5,15,3.84,82.6,53,0,0,Sí,No,,,,0.2237,Sí
EST-01383,1,21,Mujer,Bolívar,Urbana,4,Privado,68,Contaduría,Sí,19,0,5.99,No,Recursos familiares,13,18,3.78,94.5,73,0,0,No,No,,,,0.0566,No
EST-01384,1,18,Mujer,Bogotá D.C.,Urbana,3,Privado,37,Contaduría,Sí,21,0,2.04,No,Recursos familiares,75,19,3.56,100,76,1,0,No,No,,,,0.1214,No
EST-01385,1,25,Mujer,Tolima,Urbana,2,Oficial,70,Ingeniería Industrial,No,0,0,1.39,No,Crédito educativo,42,18,3.7,90.4,67,0,0,No,No,,,,0.128,Sí
EST-01386,1,21,Mujer,Valle del Cauca,Urbana,5,Oficial,49,Negocios Internacionales,No,0,0,4.02,Sí,Beca / subsidio,45,16,3.75,94.5,72,0,0,No,No,,,,0.0694,No
EST-01387,2,21,Hombre,Norte de Santander,Rural,2,Privado,61,Administración,No,0,0,1.13,No,Recursos familiares,72,20,3.15,79.6,65,0,0,Sí,No,16,16,100,0.2285,No
EST-01388,2,20,Hombre,Quindío,Rural,2,Oficial,38,Administración,No,0,0,1.1,No,Crédito educativo,12,18,3.69,85.8,66,0,0,No,No,14,14,100,0.1005,No
EST-01389,1,24,Mujer,Cauca,Urbana,2,Oficial,3,Ingeniería Industrial,No,0,0,3.05,No,Crédito educativo,5,18,2.68,89.8,74,0,0,No,Sí,,,,0.197,No
EST-01390,1,24,Hombre,Santander,Urbana,1,Oficial,59,Psicología,Sí,28,0,0.69,Sí,Beca / subsidio,33,18,3.85,89.9,100,0,1,Sí,No,,,,0.1192,No
EST-01391,1,17,Mujer,Valle del Cauca,Urbana,2,Privado,59,Diseño,Sí,5,0,1.41,No,Recursos familiares,58,18,3.05,100,61,0,0,No,No,,,,0.1663,No
EST-01392,1,19,Mujer,Valle del Cauca,Urbana,3,Oficial,75,Derecho,No,0,0,3.01,Sí,Mixto,55,18,2.81,86.4,62,0,0,No,No,,,,0.0734,No
EST-01393,1,19,Mujer,Tolima,Urbana,1,Oficial,59,Psicología,Sí,15,0,0.56,No,Crédito educativo,44,18,3.32,86.1,71,0,0,Sí,No,,,,0.2414,No
EST-01394,2,20,Mujer,Atlántico,Urbana,1,Oficial,42,Ingeniería de Sistemas,No,0,0,1.37,No,Crédito educativo,64,16,3.24,88.3,70,0,0,No,No,14,14,100,0.1123,No
EST-01395,1,20,Mujer,Valle del Cauca,Urbana,2,Oficial,21,Psicología,Sí,19,0,1.39,Sí,Mixto,63,19,2.86,85.1,64,0,0,No,No,,,,0.0952,Sí
EST-01396,2,30,Mujer,Norte de Santander,Rural,1,Oficial,49,Comunicación,Sí,46,1,0.93,No,Crédito educativo,101,18,1.97,72.4,56,1,0,Sí,No,20,18,90,0.8111,Sí
EST-01397,1,19,Hombre,Tolima,Rural,1,Oficial,76,Diseño,No,0,0,0.61,Sí,Recursos familiares,105,17,3.79,92.1,77,0,0,No,No,,,,0.0664,No
EST-01398,2,20,Mujer,Bogotá D.C.,Urbana,2,Oficial,36,Ingeniería Industrial,Sí,22,0,0.99,Sí,Recursos familiares,40,17,3.86,90.5,80,0,0,No,No,14,14,100,0.0509,No
EST-01399,1,22,Mujer,Huila,Urbana,3,Privado,72,Comunicación,Sí,18,0,2.82,Sí,Mixto,55,18,3.4,93.3,74,0,0,No,No,,,,0.0736,No
EST-01400,2,22,Mujer,Antioquia,Rural,1,Oficial,19,Administración,Sí,4,0,0.98,No,Crédito educativo,12,20,2.47,83.1,51,1,0,Sí,Sí,20,18,90,0.3545,No
EST-01401,2,19,Hombre,Antioquia,Urbana,2,Privado,56,Contaduría,No,0,0,0.8,No,Beca / subsidio,34,17,3.93,86.8,86,0,2,No,No,16,13,81.2,0.15,No
EST-01402,1,21,Hombre,Boyacá,Urbana,1,Oficial,18,Ingeniería de Sistemas,No,0,0,1.07,Sí,Beca / subsidio,30,15,3.26,89,80,0,0,Sí,No,,,,0.0925,No
EST-01403,1,20,Mujer,Bolívar,Urbana,2,Privado,44,Administración,Sí,12,0,1.8,No,Recursos familiares,30,18,2.86,84.3,84,0,0,No,No,,,,0.1235,No
EST-01404,1,19,Hombre,Bolívar,Urbana,2,Privado,51,Ingeniería de Sistemas,No,0,0,1.63,No,Crédito educativo,47,14,2.5,91.3,68,0,0,No,No,,,,0.2216,No
EST-01405,2,22,Hombre,Cesar,Urbana,4,Privado,74,Psicología,No,0,0,5.46,No,Recursos familiares,78,17,2.65,97,65,3,0,No,Sí,14,8,57.1,0.3581,Sí
EST-01406,2,34,Hombre,Santander,Urbana,2,Oficial,44,Enfermería,Sí,39,0,0.96,Sí,Beca / subsidio,10,19,2.85,84.1,55,0,1,No,Sí,16,15,93.8,0.1224,Sí
EST-01407,2,19,Mujer,Risaralda,Urbana,4,Privado,85,Ingeniería de Sistemas,No,0,0,5.49,No,Recursos familiares,15,18,3.71,100,64,0,0,No,No,16,15,93.8,0.0629,No
EST-01408,1,20,Hombre,Antioquia,Rural,1,Oficial,53,Psicología,Sí,20,0,0.63,No,Crédito educativo,59,16,3.31,86.9,72,0,0,No,No,,,,0.124,No
EST-01409,2,20,Mujer,Risaralda,Rural,2,Privado,25,Derecho,No,0,0,1.87,Sí,Recursos familiares,81,18,2.19,91.2,63,1,0,No,Sí,20,17,85,0.2005,No
EST-01410,1,19,Mujer,Bogotá D.C.,Urbana,3,Oficial,48,Comunicación,No,0,0,1.07,No,Mixto,88,18,4.09,84.3,80,0,0,No,No,,,,0.0953,No
EST-01411,1,22,Mujer,Cundinamarca,Rural,4,Privado,46,Contaduría,No,0,0,5.72,Sí,Beca / subsidio,84,19,3.13,90.8,60,1,0,No,No,,,,0.2049,No
EST-01412,2,19,Mujer,Nariño,Urbana,2,Privado,38,Negocios Internacionales,No,0,0,2.15,No,Crédito educativo,18,20,2.99,85.5,62,0,0,No,No,18,18,100,0.1092,No
EST-01413,1,19,Mujer,Magdalena,Urbana,2,Oficial,77,Contaduría,No,0,0,2.06,Sí,Mixto,46,18,4.41,93.2,79,0,0,No,No,,,,0.0487,No
EST-01414,1,24,Hombre,Otro,Rural,3,Oficial,47,Ingeniería de Sistemas,Sí,8,0,2.39,No,Mixto,20,20,2.94,90.7,62,0,0,No,No,,,,0.1167,No
EST-01415,1,18,Hombre,Valle del Cauca,Urbana,1,Oficial,82,Enfermería,No,0,0,1.53,No,Recursos familiares,64,20,3.85,100,58,0,0,Sí,No,,,,0.1882,No
EST-01416,1,21,Hombre,Otro,Urbana,3,Oficial,40,Ingeniería Industrial,Sí,24,0,2.45,No,Recursos familiares,41,19,3.51,88.8,77,0,0,No,No,,,,0.1116,No
EST-01417,2,21,Mujer,Atlántico,Urbana,3,Privado,63,Contaduría,No,0,0,1.35,No,Beca / subsidio,33,18,2.68,81.5,53,1,0,No,No,18,17,94.4,0.2281,No
EST-01418,2,19,Mujer,Magdalena,Rural,2,Oficial,55,Derecho,No,0,0,1.16,No,Crédito educativo,47,18,4.16,88,87,0,0,No,No,16,16,100,0.0895,No
EST-01419,1,17,Hombre,Valle del Cauca,Urbana,3,Oficial,36,Psicología,No,0,0,2.72,No,Recursos familiares,52,18,3.53,82.2,57,0,0,No,No,,,,0.1118,Sí
EST-01420,2,18,Hombre,Valle del Cauca,Urbana,3,Privado,48,Contaduría,Sí,22,0,1.69,Sí,Mixto,18,14,2.88,93.5,82,0,0,No,No,14,14,100,0.0398,No
EST-01421,2,22,Hombre,Cauca,Urbana,1,Oficial,57,Diseño,Sí,23,0,0.48,No,Crédito educativo,38,17,3.45,86.4,91,0,1,Sí,No,18,17,94.4,0.1948,No
EST-01422,2,16,Mujer,Antioquia,Urbana,3,Privado,72,Enfermería,No,0,0,2.98,No,Crédito educativo,5,18,3.29,87.2,74,0,0,No,No,18,18,100,0.102,No
EST-01423,2,21,Hombre,Atlántico,Urbana,2,Oficial,75,Negocios Internacionales,Sí,16,0,1.29,Sí,Recursos familiares,43,14,3.37,96.6,54,0,2,No,No,18,16,88.9,0.1204,No
EST-01424,2,22,Hombre,Valle del Cauca,Urbana,4,Oficial,54,Contaduría,Sí,23,0,2.44,No,Crédito educativo,86,16,3.16,85.6,68,2,2,No,No,16,9,56.2,0.4189,Sí
EST-01425,1,22,Mujer,Valle del Cauca,Urbana,1,Oficial,35,Ingeniería de Sistemas,Sí,23,0,1.07,No,Recursos familiares,56,18,2.91,87.5,53,0,0,No,No,,,,0.1483,No
EST-01426,2,18,Mujer,Antioquia,Urbana,4,Privado,56,Enfermería,No,0,0,2.5,No,Recursos familiares,20,19,3.95,98.5,64,0,0,No,No,18,18,100,0.0694,No
EST-01427,1,19,Hombre,Valle del Cauca,Urbana,2,Oficial,36,Enfermería,No,0,0,1.49,No,Recursos familiares,27,16,4.09,90.2,67,0,0,No,No,,,,0.0775,No
EST-01428,1,20,Hombre,Bogotá D.C.,Urbana,2,Privado,83,Psicología,No,0,0,1.74,Sí,Beca / subsidio,49,18,4.02,98,70,0,0,No,No,,,,0.0307,No
EST-01429,1,20,No binario / otro,Bolívar,Rural,1,Oficial,59,Administración,Sí,8,0,1.21,No,Crédito educativo,57,17,4.09,81.5,82,0,0,Sí,No,,,,0.252,No
EST-01430,1,19,Mujer,Bogotá D.C.,Urbana,3,Oficial,45,Administración,No,0,0,2.03,No,Crédito educativo,23,14,3.37,98.6,80,0,1,No,No,,,,0.1159,No
EST-01431,1,19,Hombre,Bogotá D.C.,Urbana,2,Oficial,30,Psicología,No,0,0,1.53,No,Recursos familiares,61,16,2.75,90,65,0,0,Sí,No,,,,0.3675,Sí
EST-01432,1,19,Mujer,Valle del Cauca,Rural,5,Privado,63,Enfermería,No,0,0,5.94,No,Recursos familiares,64,17,3.43,91,100,1,2,Sí,No,,,,0.2283,Sí
EST-01433,1,22,Hombre,Bolívar,Urbana,1,Oficial,53,Psicología,No,0,0,0.98,No,Crédito educativo,5,16,2.76,92.1,36,0,0,Sí,No,,,,0.4481,Sí
EST-01434,1,22,Mujer,Otro,Urbana,1,Oficial,53,Derecho,No,0,0,0.99,Sí,Beca / subsidio,54,18,2.7,80.1,55,4,0,Sí,No,,,,0.5016,No
EST-01435,2,19,Hombre,Magdalena,Urbana,2,Oficial,27,Derecho,Sí,10,0,0.94,Sí,Mixto,16,15,2.68,87.5,81,0,0,No,No,20,19,95,0.06,No
EST-01436,1,19,Mujer,Nariño,Rural,2,Privado,61,Comunicación,No,0,0,1.96,No,Crédito educativo,63,15,2.95,86.3,82,0,0,Sí,No,,,,0.3002,Sí
EST-01437,1,24,Hombre,Valle del Cauca,Rural,2,Oficial,3,Diseño,No,0,0,1.16,No,Beca / subsidio,38,20,3.62,100,83,0,0,No,No,,,,0.141,No
EST-01438,2,26,Hombre,Valle del Cauca,Rural,1,Oficial,42,Administración,Sí,15,0,1.08,Sí,Beca / subsidio,103,16,3.36,79.1,100,0,0,Sí,Sí,18,18,100,0.1474,No
EST-01439,1,20,Mujer,Córdoba,Urbana,3,Oficial,14,Derecho,No,0,0,1.43,No,Beca / subsidio,40,18,2.84,82.4,86,0,0,No,No,,,,0.1097,No
EST-01440,1,18,Hombre,Meta,Rural,2,Privado,54,Enfermería,No,0,0,0.82,No,Crédito educativo,58,20,3.99,97.7,95,0,0,No,No,,,,0.0919,No
EST-01441,1,19,Mujer,Caldas,Rural,4,Privado,39,Comunicación,No,0,0,4.09,No,Crédito educativo,157,19,2.48,87.4,80,0,0,No,No,,,,0.2769,No
EST-01442,2,17,Hombre,Tolima,Urbana,1,Oficial,34,Psicología,No,0,0,2.27,No,Crédito educativo,55,14,3.24,81.7,68,0,0,No,No,14,14,100,0.1514,No
EST-01443,2,20,Mujer,Santander,Urbana,1,Oficial,66,Administración,No,0,0,0.53,No,Crédito educativo,46,16,3.68,91.2,81,0,0,No,No,16,16,100,0.0975,No
EST-01444,2,20,No binario / otro,Caldas,Rural,2,Oficial,32,Contaduría,Sí,17,0,2.32,Sí,Recursos familiares,87,14,3.45,80.5,42,0,0,Sí,No,18,18,100,0.1902,No
EST-01445,2,18,Mujer,Meta,Rural,2,Privado,72,Administración,No,0,0,1.66,Sí,Mixto,77,18,3.65,99.1,100,0,2,No,No,18,17,94.4,0.0101,No
EST-01446,1,20,Mujer,Nariño,Rural,2,Privado,57,Contaduría,No,0,0,2.39,Sí,Beca / subsidio,78,18,3.33,87.4,83,0,0,No,No,,,,0.0655,No
EST-01447,2,20,Mujer,Caldas,Urbana,2,Oficial,40,Derecho,No,0,0,0.97,Sí,Mixto,7,18,4.02,87.6,85,0,0,Sí,No,18,18,100,0.0527,No
EST-01448,1,25,Mujer,Cauca,Urbana,4,Privado,74,Administración,Sí,37,0,2.6,No,Mixto,31,18,3.8,77,76,0,0,No,No,,,,0.1692,No
EST-01449,1,21,Hombre,Atlántico,Urbana,3,Oficial,73,Ingeniería de Sistemas,No,0,0,3.32,No,Mixto,58,16,3.12,94.7,68,0,0,No,No,,,,0.0975,No
EST-01450,1,17,Mujer,Bolívar,Urbana,3,Oficial,37,Ingeniería de Sistemas,Sí,17,0,2.26,Sí,Mixto,48,14,3.04,90.6,74,0,0,No,No,,,,0.1136,No
EST-01451,2,20,Hombre,Valle del Cauca,Urbana,2,Oficial,57,Enfermería,Sí,18,0,3.34,No,Mixto,19,16,3.58,86.4,89,0,0,Sí,No,18,18,100,0.1431,No
EST-01452,2,19,Mujer,Santander,Urbana,2,Oficial,32,Administración,No,0,0,1.58,Sí,Beca / subsidio,17,18,3.62,98.6,69,3,0,No,No,18,12,66.7,0.1898,No
EST-01453,2,21,Mujer,Atlántico,Rural,1,Oficial,34,Ingeniería de Sistemas,Sí,6,0,0.92,No,Crédito educativo,135,16,2.71,83.2,68,0,0,No,No,16,16,100,0.2645,No
EST-01454,1,19,Mujer,Huila,Urbana,2,Oficial,53,Comunicación,No,0,0,1.24,Sí,Mixto,20,15,3.15,87.5,58,0,0,No,No,,,,0.0822,No
EST-01455,1,18,Hombre,Bolívar,Urbana,2,Oficial,39,Ingeniería Industrial,No,0,0,2.96,No,Mixto,5,18,2.92,86.6,68,0,0,No,No,,,,0.1424,No
EST-01456,1,25,Mujer,Cauca,Urbana,2,Privado,49,Negocios Internacionales,Sí,20,0,1.13,Sí,Beca / subsidio,47,17,3.01,87.7,72,0,0,No,No,,,,0.0876,No
EST-01457,2,24,Mujer,Valle del Cauca,Urbana,3,Privado,52,Psicología,No,0,0,1.73,No,Recursos familiares,12,18,3.54,83.8,69,0,1,No,No,18,17,94.4,0.1038,No
EST-01458,2,20,Hombre,Atlántico,Urbana,3,Privado,44,Enfermería,No,0,0,1.53,No,Crédito educativo,42,20,3.46,77.7,96,1,0,No,No,16,14,87.5,0.0802,No
EST-01459,1,20,Mujer,Atlántico,Urbana,1,Oficial,3,Enfermería,No,0,0,1.21,Sí,Beca / subsidio,57,15,3.57,92.9,41,0,0,No,No,,,,0.0914,No
EST-01460,2,18,Mujer,Santander,Urbana,4,Oficial,55,Diseño,No,0,0,2.97,Sí,Recursos familiares,31,14,3.79,86.2,79,0,0,No,No,18,18,100,0.0301,No
EST-01461,2,20,Mujer,Cundinamarca,Urbana,2,Oficial,85,Contaduría,No,0,0,1.26,No,Crédito educativo,36,16,3.5,96.7,58,1,0,Sí,No,18,16,88.9,0.243,No
EST-01462,1,20,Mujer,Bogotá D.C.,Urbana,2,Privado,58,Psicología,No,0,0,1.3,No,Recursos familiares,90,17,2.94,90.3,41,0,0,No,No,,,,0.2169,Sí
EST-01463,2,23,Mujer,Bogotá D.C.,Urbana,1,Oficial,25,Administración,Sí,13,3,1.84,No,Beca / subsidio,24,18,2.72,88.2,72,0,0,No,No,16,16,100,0.2142,No
EST-01464,1,19,Mujer,Cundinamarca,Urbana,2,Oficial,15,Diseño,No,0,0,1.67,Sí,Beca / subsidio,47,16,2.64,90.5,73,1,0,No,No,,,,0.1298,No
EST-01465,1,20,Hombre,Santander,Rural,4,Privado,66,Enfermería,No,0,0,4.7,No,Crédito educativo,82,19,4.15,87,99,0,0,No,No,,,,0.1078,No
EST-01466,1,17,Hombre,Bogotá D.C.,Urbana,2,Oficial,37,Administración,No,0,0,2.18,No,Beca / subsidio,43,19,3.75,82.5,75,0,0,Sí,Sí,,,,0.257,Sí
EST-01467,1,20,Hombre,Cundinamarca,Rural,2,Oficial,63,Contaduría,No,0,0,2.57,No,Mixto,30,17,3.52,83.3,61,0,0,No,No,,,,0.114,No
EST-01468,1,20,Mujer,Atlántico,Rural,2,Privado,48,Diseño,No,0,0,1.29,No,Mixto,57,20,3.63,96.2,68,0,0,Sí,No,,,,0.2332,No
EST-01469,2,19,Hombre,Cundinamarca,Urbana,2,Oficial,66,Derecho,Sí,7,0,1.34,No,Mixto,70,20,2.94,85.5,60,3,0,No,No,20,15,75,0.2871,No
EST-01470,1,17,Hombre,Valle del Cauca,Urbana,2,Oficial,88,Contaduría,No,0,0,0.83,Sí,Beca / subsidio,14,19,3.11,91.6,98,0,0,No,Sí,,,,0.0709,No
EST-01471,1,20,Mujer,Bogotá D.C.,Urbana,2,Oficial,54,Psicología,No,0,0,3.08,No,Recursos familiares,49,16,3.37,82.6,93,0,0,No,No,,,,0.0974,No
EST-01472,1,24,Mujer,Antioquia,Urbana,2,Privado,74,Contaduría,No,0,0,1.6,No,Recursos familiares,51,18,3.81,87.7,65,0,0,No,No,,,,0.1238,No
EST-01473,1,25,Mujer,Caldas,Urbana,2,Privado,70,Ingeniería de Sistemas,Sí,29,2,1.58,Sí,Recursos familiares,33,18,3.5,90,56,0,0,No,No,,,,0.1364,No
EST-01474,1,20,Mujer,Antioquia,Urbana,3,Oficial,27,Ingeniería Industrial,No,0,0,0.89,No,Mixto,34,18,3.23,81.4,67,0,0,No,No,,,,0.0816,No
EST-01475,2,19,Hombre,Bogotá D.C.,Urbana,3,Oficial,25,Ingeniería de Sistemas,No,0,0,2.84,No,Beca / subsidio,61,20,3.16,89.5,76,1,0,No,No,18,16,88.9,0.1369,No
EST-01476,2,20,Hombre,Antioquia,Urbana,2,Oficial,32,Ingeniería Industrial,No,0,0,1.45,No,Recursos familiares,22,15,3.22,97.4,72,0,0,Sí,No,18,17,94.4,0.2058,No
EST-01477,2,17,Mujer,Nariño,Rural,1,Oficial,72,Enfermería,No,0,0,1.4,Sí,Crédito educativo,135,17,3.34,82.7,47,1,0,No,Sí,16,15,93.8,0.1087,No
EST-01478,2,19,Hombre,Nariño,Urbana,3,Oficial,74,Psicología,No,0,0,1.44,Sí,Beca / subsidio,25,19,3.78,89.1,88,0,0,No,No,18,17,94.4,0.0522,No
EST-01479,2,19,Hombre,Cesar,Urbana,2,Oficial,39,Administración,No,0,0,1.23,Sí,Recursos familiares,21,20,3.21,91.8,69,0,0,No,No,18,17,94.4,0.0585,No
EST-01480,2,19,Hombre,Bogotá D.C.,Urbana,1,Oficial,21,Diseño,No,0,0,0.91,No,Crédito educativo,78,16,2.95,87.4,90,0,0,No,Sí,18,18,100,0.1196,No
EST-01481,1,24,Hombre,Atlántico,Urbana,3,Privado,58,Ingeniería Industrial,Sí,31,0,3.73,No,Crédito educativo,49,15,3.49,93.4,64,0,0,No,No,,,,0.1182,Sí
EST-01482,1,22,Hombre,Atlántico,Urbana,2,Privado,48,Negocios Internacionales,Sí,22,1,1.16,No,Crédito educativo,11,18,3.14,90,90,0,0,No,No,,,,0.1289,No
EST-01483,2,20,Hombre,Tolima,Urbana,3,Oficial,42,Ingeniería de Sistemas,No,0,0,2.55,No,Beca / subsidio,32,18,3.33,90.5,61,0,0,No,No,18,18,100,0.0693,No
EST-01484,2,21,Hombre,Atlántico,Rural,3,Oficial,62,Enfermería,No,0,0,3.8,No,Recursos familiares,46,16,3.51,83.1,74,1,0,No,No,16,15,93.8,0.0708,No
EST-01485,2,23,Mujer,Bogotá D.C.,Urbana,2,Privado,60,Negocios Internacionales,No,0,0,2.38,Sí,Beca / subsidio,73,18,3.5,85.6,76,0,0,Sí,No,16,16,100,0.0818,No
EST-01486,1,19,Mujer,Boyacá,Urbana,3,Oficial,59,Administración,No,0,0,1.86,No,Recursos familiares,23,18,3.4,87.8,83,0,0,Sí,Sí,,,,0.1065,No
EST-01487,2,27,Hombre,Nariño,Urbana,3,Privado,83,Enfermería,Sí,29,2,2.58,No,Mixto,42,18,3.81,83,79,0,0,No,No,18,18,100,0.1519,No
EST-01488,1,21,Mujer,Bogotá D.C.,Urbana,5,Oficial,62,Derecho,No,0,0,9.37,No,Recursos familiares,80,18,3.64,86.8,78,0,0,No,No,,,,0.0984,No
EST-01489,2,19,Hombre,Valle del Cauca,Urbana,6,Oficial,72,Psicología,No,0,1,11.68,No,Recursos familiares,9,20,2.93,81.3,64,1,1,No,No,18,14,77.8,0.2171,Sí
EST-01490,1,23,Mujer,Córdoba,Urbana,1,Oficial,63,Contaduría,No,0,0,1.02,No,Crédito educativo,60,19,3.64,95.9,81,0,0,Sí,No,,,,0.1884,No
EST-01491,2,19,Hombre,Magdalena,Urbana,4,Oficial,68,Derecho,No,0,0,3.3,No,Recursos familiares,60,15,2.89,90.6,63,0,0,No,No,18,17,94.4,0.0951,No
EST-01492,1,17,Hombre,Tolima,Urbana,4,Oficial,68,Administración,No,0,0,5.87,No,Recursos familiares,41,18,3.85,85.7,76,0,0,No,No,,,,0.074,Sí
EST-01493,1,19,Hombre,Bogotá D.C.,Urbana,4,Privado,59,Contaduría,Sí,20,0,4.82,No,Mixto,33,20,3.68,80.6,78,0,1,No,No,,,,0.1558,No
EST-01494,1,20,Hombre,Bolívar,Rural,1,Oficial,69,Derecho,No,0,0,0.8,No,Crédito educativo,90,14,3.18,97.1,71,0,0,No,No,,,,0.2485,No
EST-01495,2,17,Hombre,Bogotá D.C.,Urbana,1,Oficial,51,Enfermería,No,0,0,0.69,No,Recursos familiares,73,18,3.84,92.7,100,0,0,Sí,No,20,19,95,0.1581,No
EST-01496,1,19,Mujer,Antioquia,Urbana,2,Oficial,43,Ingeniería Industrial,Sí,7,0,0.93,No,Crédito educativo,16,20,2.23,96.4,55,0,0,No,No,,,,0.2108,Sí
EST-01497,2,18,Hombre,Bogotá D.C.,Urbana,1,Oficial,54,Comunicación,No,0,0,0.73,Sí,Recursos familiares,53,18,3.12,83.6,77,0,0,No,Sí,14,14,100,0.0423,No
EST-01498,1,21,Hombre,Bogotá D.C.,Urbana,2,Oficial,28,Ingeniería de Sistemas,No,0,0,1.04,No,Crédito educativo,34,18,3.57,86.5,80,0,0,No,No,,,,0.1482,No
EST-01499,2,19,Hombre,Antioquia,Urbana,1,Oficial,61,Comunicación,No,0,0,0.8,Sí,Recursos familiares,55,16,3.11,100,54,0,0,No,No,18,18,100,0.0626,No
EST-01500,1,23,Mujer,Antioquia,Urbana,2,Oficial,68,Administración,Sí,16,1,2.1,Sí,Recursos familiares,52,18,3.53,99.4,84,0,0,No,No,,,,0.0715,No
EST-01501,2,19,Mujer,Antioquia,Urbana,4,Oficial,33,Negocios Internacionales,No,0,0,5.63,No,Recursos familiares,37,17,2.91,86.2,62,0,0,No,No,14,14,100,0.0675,No
EST-01502,1,18,Hombre,Antioquia,Rural,1,Oficial,58,Administración,No,0,0,1.36,Sí,Mixto,78,18,2.5,79.2,64,2,1,Sí,No,,,,0.4445,Sí
EST-01503,1,21,Hombre,Cundinamarca,Urbana,2,Privado,67,Negocios Internacionales,No,0,0,2.54,Sí,Beca / subsidio,17,17,2.96,76.6,74,0,0,No,No,,,,0.0696,No
EST-01504,2,21,Mujer,Valle del Cauca,Rural,2,Oficial,64,Enfermería,Sí,34,0,1.25,No,Crédito educativo,97,16,2.89,76.9,67,0,3,No,No,14,12,85.7,0.5585,Sí
EST-01505,2,22,Hombre,Córdoba,Urbana,2,Oficial,26,Ingeniería Industrial,No,0,0,1.34,No,Crédito educativo,46,15,3.89,96.2,98,2,0,Sí,No,18,14,77.8,0.276,No
EST-01506,2,19,Hombre,Boyacá,Urbana,1,Oficial,53,Comunicación,Sí,16,0,0.94,Sí,Beca / subsidio,45,17,3.28,86.7,64,0,0,No,No,16,15,93.8,0.052,No
EST-01507,1,18,Hombre,Atlántico,Urbana,1,Oficial,43,Administración,No,0,0,0.72,Sí,Beca / subsidio,82,18,3.25,95.7,63,0,0,No,No,,,,0.0775,No
EST-01508,2,19,Mujer,Cundinamarca,Rural,2,Privado,14,Psicología,No,0,0,1.87,Sí,Recursos familiares,83,16,3.37,88.8,73,0,0,No,Sí,16,16,100,0.0576,No
EST-01509,2,19,Hombre,Tolima,Urbana,3,Privado,46,Ingeniería de Sistemas,No,0,0,2.75,No,Recursos familiares,28,15,3.16,91.9,51,0,0,No,No,16,16,100,0.0624,No
EST-01510,2,22,Mujer,Bolívar,Rural,4,Oficial,38,Administración,No,0,0,2.33,No,Recursos familiares,110,14,2.44,77.4,52,0,0,No,Sí,18,17,94.4,0.1965,Sí
EST-01511,1,19,Mujer,Nariño,Urbana,3,Oficial,62,Enfermería,No,0,0,4.24,No,Recursos familiares,58,17,3.67,96.5,73,0,0,No,No,,,,0.0864,Sí
EST-01512,2,24,Mujer,Santander,Urbana,1,Oficial,43,Contaduría,Sí,20,0,0.83,No,Beca / subsidio,46,18,3.18,84.6,79,0,0,Sí,No,16,16,100,0.2264,No
EST-01513,1,22,Mujer,Bogotá D.C.,Urbana,4,Oficial,62,Diseño,No,0,0,6.25,No,Recursos familiares,62,17,3.7,91.4,64,0,0,No,No,,,,0.0548,No
EST-01514,2,20,Mujer,Bolívar,Urbana,2,Oficial,63,Administración,No,0,0,1.99,Sí,Mixto,30,17,2.84,84.2,82,0,0,No,No,18,18,100,0.0623,No
EST-01515,1,25,Mujer,Risaralda,Rural,2,Oficial,52,Ingeniería de Sistemas,Sí,4,0,2.47,No,Crédito educativo,48,20,3.96,92.4,70,0,0,Sí,Sí,,,,0.1952,Sí
EST-01516,1,24,Mujer,Quindío,Urbana,2,Privado,60,Ingeniería Industrial,No,0,2,1.47,No,Mixto,38,19,3.93,98.8,83,0,0,No,No,,,,0.099,No
EST-01517,2,18,Hombre,Norte de Santander,Rural,3,Oficial,64,Derecho,No,0,0,2.55,No,Crédito educativo,105,18,2.58,68,74,3,0,Sí,No,20,14,70,0.6809,No
EST-01518,2,21,Mujer,Cundinamarca,Rural,1,Oficial,29,Comunicación,Sí,31,0,0.84,No,Recursos familiares,63,17,3.01,91.3,50,0,1,No,No,18,17,94.4,0.1978,Sí
EST-01519,1,26,Hombre,Antioquia,Urbana,3,Oficial,47,Contaduría,Sí,24,0,2.09,Sí,Mixto,31,18,2.92,83.5,76,2,1,No,Sí,,,,0.1763,No
EST-01520,1,25,Hombre,Bogotá D.C.,Urbana,3,Oficial,93,Enfermería,No,0,0,2.27,No,Recursos familiares,55,20,4.28,100,77,0,0,No,No,,,,0.0824,No
EST-01521,2,19,Hombre,Córdoba,Rural,2,Oficial,76,Diseño,Sí,4,0,1.3,No,Recursos familiares,47,17,3.77,100,70,0,0,No,No,18,18,100,0.0878,No
EST-01522,2,25,Hombre,Santander,Urbana,3,Privado,52,Derecho,No,0,0,4.19,Sí,Beca / subsidio,6,18,3.32,89.6,79,0,2,No,No,18,17,94.4,0.059,No
EST-01523,2,20,Mujer,Antioquia,Urbana,1,Oficial,5,Diseño,No,0,0,1.12,No,Crédito educativo,27,17,3.2,82.1,71,0,0,Sí,No,20,20,100,0.2152,No
EST-01524,1,21,Mujer,Bolívar,Urbana,3,Oficial,59,Administración,Sí,7,0,2.34,No,Recursos familiares,38,18,3.55,89.3,96,0,0,No,No,,,,0.0505,No
EST-01525,1,20,Hombre,Cundinamarca,Urbana,1,Oficial,43,Derecho,Sí,24,0,1.27,No,Crédito educativo,5,18,3.8,94.3,62,0,1,No,No,,,,0.1313,No
EST-01526,1,21,Hombre,Bogotá D.C.,Urbana,5,Privado,55,Negocios Internacionales,No,0,0,3.58,No,Mixto,32,17,3.23,83.7,61,0,0,Sí,Sí,,,,0.1057,No
EST-01527,2,20,Hombre,Cesar,Urbana,5,Oficial,83,Ingeniería Industrial,No,0,0,3.71,No,Recursos familiares,40,19,4.31,100,66,0,0,No,No,18,18,100,0.0423,No
EST-01528,1,18,Mujer,Bolívar,Urbana,2,Oficial,49,Psicología,No,0,0,1.11,No,Crédito educativo,38,18,3.73,85.2,93,0,0,Sí,No,,,,0.1919,No
EST-01529,2,17,Mujer,Antioquia,Urbana,5,Oficial,48,Psicología,Sí,15,0,6.71,No,Crédito educativo,42,19,2.92,91.9,72,0,0,No,Sí,20,20,100,0.1258,Sí
EST-01530,1,17,Mujer,Valle del Cauca,Urbana,2,Oficial,59,Enfermería,No,0,0,1.94,No,Recursos familiares,10,15,3.65,83,80,2,0,No,Sí,,,,0.1432,No
EST-01531,2,17,Hombre,Antioquia,Rural,1,Oficial,85,Ingeniería de Sistemas,No,0,0,0.57,No,Crédito educativo,82,18,4.17,95.7,47,0,0,Sí,No,18,18,100,0.2532,No
EST-01532,1,19,Hombre,Bolívar,Urbana,2,Oficial,39,Administración,No,0,2,1.17,Sí,Mixto,10,20,3.07,87.4,50,0,1,No,No,,,,0.1239,No
EST-01533,1,18,Mujer,Huila,Urbana,6,Privado,66,Derecho,No,0,0,7.41,No,Crédito educativo,51,18,2.46,88.5,66,4,0,No,No,,,,0.4525,No
EST-01534,1,24,Hombre,Antioquia,Urbana,3,Oficial,57,Negocios Internacionales,No,0,0,2.26,Sí,Mixto,28,16,3.27,91.4,77,0,0,No,No,,,,0.0625,No
EST-01535,2,19,Mujer,Atlántico,Rural,3,Privado,61,Enfermería,No,0,0,4.21,No,Recursos familiares,84,18,3.14,83.9,67,0,0,No,No,18,17,94.4,0.1412,No
EST-01536,1,17,Mujer,Cundinamarca,Rural,2,Privado,47,Derecho,No,0,0,1.88,Sí,Crédito educativo,54,16,3.89,100,64,0,0,No,No,,,,0.0803,Sí
EST-01537,2,21,Mujer,Caldas,Urbana,3,Privado,79,Ingeniería de Sistemas,No,0,0,2.06,No,Recursos familiares,5,18,4.01,99.2,89,0,1,No,Sí,18,17,94.4,0.0424,No
EST-01538,2,19,Hombre,Cesar,Urbana,1,Oficial,36,Negocios Internacionales,No,0,0,1.58,Sí,Beca / subsidio,41,18,3.91,100,94,0,0,No,No,20,20,100,0.024,No
EST-01539,1,22,Mujer,Valle del Cauca,Urbana,2,Oficial,36,Psicología,No,0,0,1.38,Sí,Crédito educativo,41,18,3.29,82.7,82,0,0,No,No,,,,0.0952,No
EST-01540,2,20,Mujer,Bolívar,Urbana,3,Oficial,63,Ingeniería de Sistemas,No,0,0,1.93,No,Crédito educativo,43,18,3.06,88.7,50,0,0,No,No,16,16,100,0.1238,Sí
EST-01541,2,19,Hombre,Otro,Rural,3,Oficial,68,Ingeniería Industrial,No,0,0,1.49,No,Recursos familiares,28,16,3.88,97.5,65,0,0,No,No,20,20,100,0.0444,No
EST-01542,2,19,Mujer,Cauca,Urbana,2,Privado,52,Ingeniería de Sistemas,No,0,0,1.46,Sí,Mixto,51,16,3.37,90.1,87,0,0,No,No,16,16,100,0.0501,No
EST-01543,1,21,Mujer,Bogotá D.C.,Urbana,3,Oficial,76,Psicología,No,0,0,2.62,No,Recursos familiares,55,16,3.38,82.6,72,0,0,No,No,,,,0.0676,No
EST-01544,1,20,Mujer,Antioquia,Urbana,1,Oficial,61,Enfermería,Sí,14,2,0.59,No,Recursos familiares,45,18,3.12,83.1,93,1,0,No,No,,,,0.213,No
EST-01545,2,26,Hombre,Atlántico,Urbana,2,Privado,48,Ingeniería de Sistemas,Sí,21,0,1.83,No,Recursos familiares,60,20,3.7,87.9,82,0,0,No,No,18,18,100,0.1116,No
EST-01546,1,19,Hombre,Valle del Cauca,Rural,1,Oficial,79,Psicología,No,0,0,0.93,No,Crédito educativo,115,16,2.9,91.6,65,0,0,Sí,No,,,,0.3929,No
EST-01547,2,24,Mujer,Bogotá D.C.,Urbana,2,Privado,34,Derecho,No,0,0,2.01,No,Recursos familiares,37,18,3.49,81.4,76,0,0,No,No,18,18,100,0.0698,No
EST-01548,2,18,Hombre,Valle del Cauca,Urbana,1,Oficial,22,Ingeniería de Sistemas,No,0,0,0.54,No,Crédito educativo,24,16,3.36,100,79,0,0,Sí,Sí,14,14,100,0.1385,Sí
EST-01549,1,20,Hombre,Cundinamarca,Urbana,4,Privado,49,Psicología,No,0,0,2.79,No,Recursos familiares,58,16,3,100,64,0,0,No,No,,,,0.1031,No
EST-01550,1,24,Mujer,Norte de Santander,Urbana,1,Oficial,36,Administración,Sí,20,0,1.92,No,Mixto,5,17,3.5,89.6,59,0,0,No,Sí,,,,0.1032,No
EST-01551,1,23,Hombre,Meta,Urbana,2,Privado,41,Derecho,Sí,26,0,1.67,No,Beca / subsidio,29,15,2.36,82.4,43,2,1,Sí,No,,,,0.7502,Sí
EST-01552,1,18,Mujer,Valle del Cauca,Rural,2,Privado,31,Contaduría,No,0,0,1.18,Sí,Beca / subsidio,55,18,3.21,88.2,80,0,0,Sí,No,,,,0.125,No
EST-01553,2,19,Mujer,Antioquia,Rural,4,Oficial,28,Enfermería,No,0,0,4.34,No,Mixto,27,18,2.4,89.5,82,1,0,No,No,18,15,83.3,0.1688,No
EST-01554,1,25,Hombre,Nariño,Urbana,1,Oficial,81,Comunicación,Sí,35,0,0.76,No,Mixto,53,18,3.29,92.4,80,0,0,Sí,No,,,,0.2436,No
EST-01555,2,18,Mujer,Nariño,Urbana,5,Oficial,53,Psicología,No,0,0,4.14,Sí,Beca / subsidio,62,18,4.05,86.5,81,0,0,No,No,20,20,100,0.0256,No
EST-01556,2,19,Mujer,Tolima,Urbana,2,Privado,41,Negocios Internacionales,Sí,30,0,1.22,No,Recursos familiares,63,16,2.23,90.9,82,2,0,No,Sí,14,10,71.4,0.3067,No
EST-01557,1,19,Hombre,Córdoba,Urbana,4,Privado,53,Contaduría,Sí,14,0,3.63,No,Recursos familiares,28,16,2.6,94,52,0,0,No,No,,,,0.1516,No
EST-01558,1,25,Hombre,Norte de Santander,Rural,2,Privado,63,Ingeniería Industrial,Sí,38,0,1.84,No,Mixto,128,19,3.01,88.7,59,0,0,Sí,No,,,,0.4515,Sí
EST-01559,1,17,Mujer,Boyacá,Urbana,1,Oficial,58,Derecho,No,0,0,0.77,Sí,Beca / subsidio,56,17,3.26,81.3,81,0,0,No,No,,,,0.0804,No
EST-01560,1,18,Hombre,Valle del Cauca,Urbana,4,Privado,49,Ingeniería Industrial,No,0,0,3.14,Sí,Beca / subsidio,57,14,3.13,91.1,64,0,0,No,No,,,,0.1198,No
EST-01561,1,22,Mujer,Nariño,Urbana,4,Oficial,64,Comunicación,Sí,31,0,4.13,No,Recursos familiares,34,16,2.63,84,52,0,1,Sí,No,,,,0.3033,No
EST-01562,2,20,Mujer,Risaralda,Urbana,3,Oficial,92,Contaduría,No,0,0,3.04,No,Recursos familiares,19,15,3.79,88.1,52,1,0,No,No,18,17,94.4,0.0519,No
EST-01563,2,18,Mujer,Antioquia,Urbana,1,Oficial,15,Ingeniería de Sistemas,No,0,0,1.77,Sí,Beca / subsidio,46,14,3.37,87.9,73,0,0,No,No,18,18,100,0.0401,No
EST-01564,1,25,Mujer,Valle del Cauca,Urbana,2,Oficial,33,Contaduría,No,0,0,1.1,No,Recursos familiares,21,16,3.57,87.7,84,0,0,No,No,,,,0.0766,No
EST-01565,2,18,Hombre,Antioquia,Urbana,2,Oficial,67,Comunicación,No,0,0,2.05,Sí,Mixto,18,16,3.45,89.9,77,0,0,No,No,16,16,100,0.0539,No
EST-01566,2,17,Mujer,Atlántico,Urbana,4,Privado,69,Contaduría,No,0,0,4.14,Sí,Beca / subsidio,69,16,4.15,97.7,70,0,0,No,No,16,16,100,0.0194,No
EST-01567,1,21,Mujer,Valle del Cauca,Urbana,2,Oficial,53,Diseño,Sí,4,0,0.87,Sí,Beca / subsidio,30,16,2.89,87.7,93,0,0,No,No,,,,0.0652,No
EST-01568,1,22,Mujer,Valle del Cauca,Urbana,3,Oficial,68,Negocios Internacionales,No,0,0,1.83,No,Recursos familiares,51,16,3.42,87.6,65,0,0,No,No,,,,0.0712,No
EST-01569,1,22,Mujer,Atlántico,Urbana,2,Oficial,7,Psicología,Sí,30,0,1.16,Sí,Mixto,54,16,2.46,85,47,1,1,No,No,,,,0.246,No
EST-01570,2,34,Hombre,Santander,Urbana,3,Oficial,70,Ingeniería de Sistemas,No,0,0,2.36,No,Crédito educativo,48,20,3.31,81.6,90,1,0,No,Sí,16,14,87.5,0.1405,No
EST-01571,1,19,Hombre,Bogotá D.C.,Urbana,2,Privado,43,Ingeniería de Sistemas,No,0,0,1.19,Sí,Beca / subsidio,63,18,2.74,85.9,86,0,0,Sí,No,,,,0.1803,Sí
EST-01572,1,18,Mujer,Meta,Rural,2,Oficial,28,Diseño,No,0,0,1.57,No,Recursos familiares,51,14,2.94,86.6,73,0,0,No,No,,,,0.132,No
EST-01573,1,17,Hombre,Santander,Urbana,3,Privado,53,Derecho,No,0,0,1.14,No,Crédito educativo,41,16,3.19,92.6,88,0,0,No,No,,,,0.1248,No
EST-01574,2,19,Hombre,Huila,Urbana,3,Privado,81,Ingeniería de Sistemas,Sí,10,0,2.21,Sí,Mixto,72,18,3.7,94.5,71,0,0,No,No,14,14,100,0.0511,No
EST-01575,1,21,Mujer,Otro,Urbana,2,Oficial,53,Administración,No,0,0,1.46,Sí,Beca / subsidio,39,19,3.68,82.5,93,0,0,Sí,No,,,,0.1033,Sí
EST-01576,1,18,Hombre,Tolima,Urbana,1,Oficial,20,Diseño,Sí,22,0,0.49,No,Recursos familiares,87,16,2.94,93,75,0,3,Sí,Sí,,,,0.4635,No
EST-01577,2,17,Hombre,Huila,Rural,1,Oficial,26,Diseño,Sí,34,0,0.92,Sí,Recursos familiares,84,20,3.89,81,58,0,0,No,No,18,18,100,0.1062,No
EST-01578,2,19,Hombre,Bogotá D.C.,Urbana,6,Privado,58,Contaduría,No,0,0,10.33,No,Mixto,55,17,3.28,94.6,69,0,0,No,No,18,18,100,0.0637,No
EST-01579,1,29,Mujer,Norte de Santander,Urbana,2,Oficial,40,Administración,Sí,35,0,1.94,No,Mixto,23,20,3.22,82.4,41,0,1,No,No,,,,0.2768,Sí
EST-01580,1,21,Hombre,Risaralda,Urbana,1,Oficial,78,Administración,No,0,0,1.85,Sí,Recursos familiares,37,19,3.51,93,91,0,0,No,Sí,,,,0.0422,No
EST-01581,2,23,Mujer,Tolima,Urbana,2,Privado,55,Enfermería,Sí,21,0,1.82,Sí,Beca / subsidio,10,18,4.57,94.3,77,0,0,No,No,16,16,100,0.01,No
EST-01582,2,24,Mujer,Santander,Urbana,2,Oficial,44,Psicología,No,0,0,0.64,No,Crédito educativo,47,16,3.68,83.9,75,0,0,No,No,20,19,95,0.0749,No
EST-01583,1,21,Mujer,Antioquia,Rural,2,Oficial,72,Diseño,No,0,0,0.68,Sí,Mixto,95,18,3.26,84.5,67,2,0,No,No,,,,0.1727,No
EST-01584,1,19,Mujer,Bogotá D.C.,Urbana,2,Oficial,61,Ingeniería de Sistemas,No,0,0,1.02,No,Beca / subsidio,70,18,3.75,91.1,74,0,0,No,No,,,,0.128,No
EST-01585,2,23,Hombre,Valle del Cauca,Urbana,2,Oficial,50,Comunicación,Sí,31,0,2.6,No,Recursos familiares,5,20,3.21,74.2,65,0,0,Sí,No,18,18,100,0.3328,Sí
EST-01586,2,25,Mujer,Santander,Urbana,3,Oficial,58,Administración,Sí,31,1,1.57,Sí,Beca / subsidio,64,18,2.64,78.3,34,1,1,No,No,18,16,88.9,0.5174,Sí
EST-01587,1,24,Mujer,Bogotá D.C.,Urbana,3,Oficial,74,Diseño,Sí,19,1,2.78,No,Recursos familiares,56,18,4.78,94.7,69,0,0,No,No,,,,0.1103,No
EST-01588,1,20,Hombre,Bogotá D.C.,Urbana,4,Oficial,59,Negocios Internacionales,No,0,0,4.73,No,Crédito educativo,24,16,3.33,93.2,69,3,0,No,Sí,,,,0.2011,No
EST-01589,2,20,Mujer,Valle del Cauca,Urbana,2,Oficial,8,Ingeniería de Sistemas,No,0,0,1.3,No,Beca / subsidio,49,18,3.12,91.3,73,0,0,No,No,18,18,100,0.083,No
EST-01590,2,19,Mujer,Córdoba,Rural,4,Oficial,66,Psicología,No,0,0,6.22,No,Crédito educativo,135,17,2.89,82.9,57,2,0,Sí,Sí,20,15,75,0.4075,No
EST-01591,2,16,Hombre,Valle del Cauca,Urbana,1,Oficial,48,Ingeniería Industrial,Sí,42,0,1.6,No,Crédito educativo,57,18,3.11,86.5,79,0,0,Sí,Sí,16,16,100,0.3125,Sí
EST-01592,2,20,Hombre,Atlántico,Urbana,1,Oficial,63,Ingeniería Industrial,Sí,26,0,1.14,Sí,Beca / subsidio,61,18,3.78,92.5,67,0,0,No,No,18,17,94.4,0.0785,No
EST-01593,2,19,Mujer,Atlántico,Urbana,2,Oficial,52,Psicología,Sí,25,0,0.85,No,Crédito educativo,26,17,4.42,97.7,75,1,0,No,No,18,16,88.9,0.1371,No
EST-01594,1,18,Mujer,Cauca,Urbana,2,Oficial,41,Psicología,Sí,21,0,1.04,No,Crédito educativo,31,18,3.26,90.2,88,0,1,No,No,,,,0.168,Sí
EST-01595,1,21,Hombre,Valle del Cauca,Urbana,2,Oficial,19,Administración,Sí,13,0,1.28,No,Crédito educativo,58,17,3.24,89.2,84,0,0,Sí,No,,,,0.1967,Sí
EST-01596,2,35,Mujer,Valle del Cauca,Urbana,1,Oficial,43,Administración,Sí,36,0,0.98,No,Crédito educativo,5,19,2.94,91.5,74,0,0,Sí,No,18,18,100,0.3719,No
EST-01597,2,17,Mujer,Bogotá D.C.,Urbana,3,Oficial,71,Administración,No,0,0,3.89,Sí,Mixto,58,17,3.29,89.5,64,0,0,No,No,14,14,100,0.0378,No
EST-01598,1,21,Mujer,Antioquia,Urbana,1,Oficial,56,Comunicación,No,0,0,1.29,No,Recursos familiares,49,18,3.99,95.6,80,0,0,Sí,No,,,,0.1188,No
EST-01599,1,24,Mujer,Boyacá,Urbana,2,Oficial,67,Ingeniería de Sistemas,No,0,0,1.02,No,Crédito educativo,40,17,3.77,84.3,90,0,0,Sí,Sí,,,,0.179,No
EST-01600,1,21,Hombre,Bogotá D.C.,Urbana,2,Oficial,79,Contaduría,No,0,0,1.81,No,Mixto,31,18,3.37,81.5,79,0,0,Sí,No,,,,0.1979,No
EST-01601,2,20,Hombre,Antioquia,Rural,2,Oficial,55,Ingeniería Industrial,No,0,0,1.04,No,Recursos familiares,69,16,4.21,89.2,75,0,0,Sí,No,18,18,100,0.1142,No
EST-01602,2,19,Mujer,Quindío,Urbana,3,Privado,57,Psicología,No,0,0,2.93,No,Crédito educativo,25,17,3.95,83.2,69,0,0,No,No,20,20,100,0.0728,No
EST-01603,1,21,Hombre,Otro,Rural,1,Oficial,28,Negocios Internacionales,Sí,11,0,1.6,Sí,Recursos familiares,111,16,2.88,72.4,65,0,0,No,Sí,,,,0.1614,No
EST-01604,1,23,Hombre,Valle del Cauca,Rural,5,Oficial,52,Diseño,Sí,20,0,6.66,Sí,Recursos familiares,67,14,3.25,90.3,76,0,0,No,No,,,,0.0773,No
EST-01605,1,21,Mujer,Norte de Santander,Urbana,2,Oficial,38,Contaduría,Sí,14,0,1.42,No,Recursos familiares,26,18,3.01,95.8,70,0,0,No,No,,,,0.1267,Sí
EST-01606,1,18,Mujer,Atlántico,Urbana,2,Oficial,66,Enfermería,No,0,0,1.56,Sí,Beca / subsidio,38,14,3.18,87.1,76,0,0,No,No,,,,0.0632,No
EST-01607,2,19,Hombre,Bogotá D.C.,Urbana,4,Privado,89,Ingeniería Industrial,No,0,0,5.01,No,Recursos familiares,61,15,4.25,83,88,0,0,No,No,18,18,100,0.0351,No
EST-01608,1,20,Hombre,Antioquia,Urbana,4,Privado,40,Ingeniería de Sistemas,No,0,0,4.64,No,Crédito educativo,33,17,3.55,85.8,86,3,1,No,No,,,,0.2442,Sí
EST-01609,2,19,Hombre,Antioquia,Urbana,4,Privado,68,Ingeniería de Sistemas,No,0,0,3.96,Sí,Recursos familiares,65,20,3.98,90.9,70,3,0,No,No,14,8,57.1,0.1713,No
EST-01610,2,17,Mujer,Santander,Urbana,3,Oficial,56,Administración,No,0,0,3.37,No,Mixto,51,18,2.95,98.3,66,2,0,No,No,18,13,72.2,0.1786,No
EST-01611,2,21,Hombre,Atlántico,Urbana,2,Oficial,52,Derecho,No,0,0,1.33,Sí,Beca / subsidio,39,19,2.52,93.3,79,0,0,No,No,14,14,100,0.0666,No
EST-01612,1,21,Mujer,Córdoba,Urbana,2,Privado,45,Derecho,Sí,9,0,1.42,No,Crédito educativo,85,20,3.33,96.2,71,0,2,Sí,No,,,,0.3533,No
EST-01613,2,18,Mujer,Tolima,Urbana,2,Oficial,58,Negocios Internacionales,Sí,18,0,2.92,No,Recursos familiares,67,15,3.48,91.5,72,0,0,No,No,18,17,94.4,0.0844,No
EST-01614,2,22,Hombre,Antioquia,Urbana,6,Oficial,42,Ingeniería de Sistemas,No,0,0,15,No,Recursos familiares,41,15,3.76,85.9,67,0,0,No,No,18,18,100,0.0726,No
EST-01615,2,19,Hombre,Bogotá D.C.,Urbana,5,Oficial,59,Contaduría,Sí,20,0,6.82,Sí,Beca / subsidio,29,16,2.96,89.1,89,0,0,No,Sí,18,18,100,0.0167,No
EST-01616,2,21,Hombre,Antioquia,Urbana,4,Privado,63,Ingeniería Industrial,No,0,0,4.84,No,Crédito educativo,40,16,3.77,94,65,0,0,No,No,16,16,100,0.0792,No
EST-01617,1,22,Mujer,Atlántico,Rural,2,Privado,46,Ingeniería de Sistemas,Sí,23,0,1.09,Sí,Beca / subsidio,89,15,2.88,88.8,64,3,0,No,Sí,,,,0.2686,No
EST-01618,1,21,Hombre,Bogotá D.C.,Urbana,2,Oficial,15,Ingeniería de Sistemas,No,0,0,1.39,No,Crédito educativo,56,17,3.58,88.4,61,0,0,Sí,Sí,,,,0.2296,No
EST-01619,2,19,Mujer,Antioquia,Urbana,1,Oficial,63,Psicología,Sí,17,0,1.35,No,Mixto,37,17,4.49,95.5,85,0,2,No,No,16,15,93.8,0.0937,No
EST-01620,1,25,Mujer,Bogotá D.C.,Urbana,1,Oficial,27,Negocios Internacionales,Sí,14,0,0.66,No,Recursos familiares,42,18,2.81,87.7,63,0,0,Sí,No,,,,0.2931,No
EST-01621,1,17,Hombre,Antioquia,Urbana,1,Oficial,3,Psicología,Sí,21,0,0.56,No,Crédito educativo,37,16,3.53,94.2,87,0,0,No,No,,,,0.1174,No
EST-01622,2,18,Mujer,Nariño,Urbana,2,Privado,97,Negocios Internacionales,No,0,1,0.98,No,Crédito educativo,68,17,3.99,88.7,76,0,0,No,No,20,20,100,0.1252,No
EST-01623,1,18,Hombre,Antioquia,Rural,2,Privado,72,Enfermería,Sí,12,0,1.27,Sí,Mixto,38,16,3.67,100,67,0,0,Sí,No,,,,0.0942,No
EST-01624,1,19,Hombre,Santander,Urbana,2,Oficial,58,Enfermería,Sí,24,0,1.12,No,Crédito educativo,30,18,3.89,92.5,70,0,0,Sí,Sí,,,,0.1646,No
EST-01625,1,25,Hombre,Huila,Urbana,3,Oficial,75,Enfermería,Sí,23,1,1.94,Sí,Mixto,47,18,2.86,91.4,89,0,0,No,No,,,,0.1382,No
EST-01626,2,19,Mujer,Bogotá D.C.,Urbana,3,Oficial,99,Ingeniería de Sistemas,No,0,0,4.07,No,Recursos familiares,23,20,3.92,98.2,100,0,0,No,No,20,20,100,0.0664,No
EST-01627,2,20,Mujer,Bogotá D.C.,Urbana,2,Oficial,65,Psicología,No,0,0,1.37,No,Crédito educativo,60,18,2.81,82.1,75,0,1,Sí,No,18,17,94.4,0.3502,Sí
EST-01628,2,19,Mujer,Atlántico,Urbana,1,Oficial,46,Comunicación,No,0,0,1.15,No,Crédito educativo,35,18,3.24,95.2,71,0,0,Sí,No,18,17,94.4,0.1776,No
EST-01629,1,19,Mujer,Santander,Urbana,1,Oficial,52,Derecho,No,0,0,0.99,Sí,Beca / subsidio,7,19,3.21,82.8,71,0,0,No,No,,,,0.0867,No
EST-01630,2,20,Mujer,Cundinamarca,Urbana,3,Oficial,60,Negocios Internacionales,No,0,0,2.87,Sí,Beca / subsidio,56,16,2.89,72.8,64,0,0,No,No,16,16,100,0.1038,No
EST-01631,1,20,Hombre,Valle del Cauca,Urbana,3,Privado,17,Diseño,No,0,0,3.03,Sí,Mixto,42,15,2.68,89.3,61,1,0,No,No,,,,0.1541,No
EST-01632,2,17,Mujer,Tolima,Urbana,3,Oficial,48,Enfermería,No,0,0,2.86,No,Recursos familiares,25,18,4.11,92.8,78,0,2,No,No,18,15,83.3,0.0866,No
EST-01633,2,29,Hombre,Nariño,Urbana,4,Oficial,59,Ingeniería Industrial,Sí,27,0,1.94,No,Recursos familiares,22,20,3.61,81.5,71,0,0,No,No,18,18,100,0.0845,No
EST-01634,1,20,Hombre,Antioquia,Urbana,2,Oficial,64,Contaduría,No,0,0,1.14,Sí,Mixto,22,18,3.19,97.2,67,0,0,No,No,,,,0.0833,No
EST-01635,1,21,Hombre,Valle del Cauca,Urbana,3,Oficial,52,Administración,Sí,27,0,1.48,No,Recursos familiares,5,16,4.1,91.7,91,0,0,No,No,,,,0.094,No
EST-01636,1,19,Mujer,Risaralda,Urbana,4,Privado,56,Negocios Internacionales,No,0,0,3.23,No,Recursos familiares,74,17,3.43,94.3,73,0,0,No,No,,,,0.1051,No
EST-01637,2,22,Mujer,Bogotá D.C.,Urbana,3,Privado,58,Contaduría,No,0,0,2.25,No,Recursos familiares,47,20,3.73,86.5,69,4,0,No,Sí,18,10,55.6,0.213,No
EST-01638,1,17,Mujer,Valle del Cauca,Urbana,2,Oficial,56,Contaduría,No,0,0,1.13,Sí,Beca / subsidio,59,20,3.91,88.4,46,0,0,No,No,,,,0.0868,No
EST-01639,1,19,Mujer,Antioquia,Urbana,3,Oficial,62,Enfermería,No,0,0,2.08,Sí,Mixto,55,17,3.34,91.1,85,0,0,No,No,,,,0.092,No
EST-01640,1,16,Hombre,Santander,Urbana,2,Privado,78,Diseño,No,0,0,1.67,No,Recursos familiares,62,17,3.62,91.5,70,3,0,No,No,,,,0.2996,No
EST-01641,1,18,Mujer,Quindío,Urbana,1,Privado,47,Diseño,No,0,0,1.79,Sí,Crédito educativo,28,15,3.31,97.6,56,0,0,No,No,,,,0.0481,No
EST-01642,2,18,Hombre,Cesar,Urbana,1,Oficial,49,Enfermería,No,0,0,0.98,No,Mixto,69,18,2.99,91.2,87,0,0,No,No,16,16,100,0.1113,No
EST-01643,1,19,Mujer,Bogotá D.C.,Urbana,2,Oficial,30,Administración,No,0,0,1.47,Sí,Beca / subsidio,73,18,4.78,100,93,0,0,No,No,,,,0.0315,No
EST-01644,2,20,Mujer,Meta,Urbana,2,Privado,75,Ingeniería Industrial,No,0,1,2.17,Sí,Recursos familiares,40,15,3.54,85,71,0,0,No,No,18,18,100,0.01,No
EST-01645,1,18,Hombre,Antioquia,Urbana,2,Oficial,42,Administración,No,0,0,2.08,No,Crédito educativo,37,18,3.18,95.5,65,0,0,No,No,,,,0.163,No
EST-01646,2,19,Mujer,Caldas,Urbana,4,Privado,37,Diseño,Sí,4,0,4.48,Sí,Crédito educativo,20,18,3.16,90.7,74,0,0,No,No,16,16,100,0.0629,No
EST-01647,1,24,Hombre,Atlántico,Urbana,3,Privado,34,Negocios Internacionales,No,0,0,2.91,No,Mixto,54,18,2.65,82,65,0,0,No,No,,,,0.1907,No
EST-01648,2,19,Mujer,Caldas,Urbana,5,Privado,64,Ingeniería Industrial,Sí,25,0,6.53,No,Mixto,42,16,3.08,87.1,70,0,0,No,No,20,20,100,0.0966,No
EST-01649,1,20,Mujer,Atlántico,Urbana,3,Oficial,58,Derecho,No,0,0,2.53,Sí,Beca / subsidio,20,18,3.84,95.8,63,0,0,No,No,,,,0.0533,No
EST-01650,2,18,Hombre,Norte de Santander,Urbana,3,Oficial,23,Ingeniería Industrial,No,0,0,2.58,No,Recursos familiares,51,17,3.36,86.3,94,0,0,No,No,16,16,100,0.0529,Sí
EST-01651,1,19,Mujer,Bogotá D.C.,Urbana,2,Privado,38,Comunicación,No,0,0,1.4,No,Crédito educativo,35,20,3.51,94.2,77,1,0,No,Sí,,,,0.1443,No
EST-01652,1,19,Mujer,Santander,Urbana,3,Oficial,72,Negocios Internacionales,No,0,0,1.75,No,Recursos familiares,38,15,3.51,98.6,71,0,0,No,No,,,,0.0553,No
EST-01653,1,25,Mujer,Santander,Urbana,3,Privado,29,Administración,Sí,7,0,2.43,Sí,Mixto,47,19,3.23,92.7,88,0,0,No,No,,,,0.0802,No
EST-01654,1,19,Hombre,Bolívar,Urbana,3,Privado,43,Psicología,No,0,0,2.99,No,Crédito educativo,63,16,3.49,87.2,87,0,0,No,No,,,,0.0742,No
EST-01655,1,20,Hombre,Santander,Rural,1,Privado,65,Psicología,No,0,0,0.85,Sí,Crédito educativo,124,18,3.87,100,60,1,0,Sí,No,,,,0.1472,No
EST-01656,2,19,Mujer,Nariño,Urbana,3,Oficial,34,Contaduría,Sí,15,0,7.82,No,Crédito educativo,42,15,3.42,82.6,65,0,0,No,No,18,18,100,0.0713,No
EST-01657,2,20,Hombre,Cundinamarca,Urbana,2,Oficial,61,Ingeniería de Sistemas,Sí,14,0,1.9,No,Recursos familiares,14,15,3.41,88.4,84,0,0,No,No,18,18,100,0.0575,No
EST-01658,1,17,Mujer,Tolima,Urbana,3,Privado,64,Ingeniería de Sistemas,No,0,0,1.44,No,Recursos familiares,55,15,3.97,93.4,80,0,0,No,Sí,,,,0.0602,Sí
EST-01659,1,21,Hombre,Caldas,Urbana,2,Oficial,65,Negocios Internacionales,No,0,0,1.6,No,Beca / subsidio,34,15,3.44,78.5,56,2,1,Sí,No,,,,0.4351,No
EST-01660,2,18,Hombre,Atlántico,Rural,5,Privado,50,Enfermería,No,0,0,6.03,No,Beca / subsidio,112,16,2.58,90.5,66,2,1,No,No,18,12,66.7,0.5004,No
EST-01661,1,19,Hombre,Bolívar,Urbana,4,Privado,44,Diseño,No,0,0,2.66,No,Recursos familiares,34,17,3.44,92.4,72,0,0,No,No,,,,0.0955,No
EST-01662,1,26,Hombre,Risaralda,Rural,3,Oficial,30,Administración,Sí,33,0,1.39,No,Recursos familiares,83,16,2.65,71.7,60,4,2,No,No,,,,0.82,Sí
EST-01663,2,25,Mujer,Bogotá D.C.,Urbana,2,Oficial,57,Psicología,No,0,0,2.25,No,Recursos familiares,57,16,3.88,91.8,58,1,0,No,No,18,16,88.9,0.1144,No
EST-01664,1,20,Mujer,Otro,Urbana,5,Oficial,55,Psicología,Sí,14,0,13.92,No,Crédito educativo,33,17,3.69,94.6,67,0,0,No,No,,,,0.0891,No
EST-01665,1,30,Mujer,Norte de Santander,Urbana,3,Oficial,39,Derecho,Sí,15,0,1.69,No,Recursos familiares,63,15,3.23,85.1,63,0,0,No,No,,,,0.1197,No
EST-01666,1,19,Mujer,Otro,Urbana,1,Oficial,46,Psicología,No,0,0,1.28,No,Recursos familiares,46,16,4.12,86.6,69,0,0,Sí,No,,,,0.1935,No
EST-01667,1,19,Mujer,Bogotá D.C.,Urbana,2,Oficial,31,Administración,No,0,0,1.52,No,Recursos familiares,101,15,3.33,83.9,96,0,0,No,No,,,,0.1241,No
EST-01668,2,27,Hombre,Otro,Urbana,2,Privado,63,Psicología,Sí,26,1,2.32,Sí,Mixto,5,16,3.18,85.8,64,0,2,No,No,18,16,88.9,0.2354,Sí
EST-01669,1,25,Mujer,Antioquia,Urbana,3,Privado,46,Contaduría,Sí,33,0,2.99,No,Mixto,57,18,3.07,90.9,69,0,0,Sí,No,,,,0.2282,No
EST-01670,2,26,Hombre,Cauca,Urbana,3,Oficial,33,Diseño,Sí,15,0,3.55,No,Recursos familiares,49,18,2.89,90.5,71,0,0,No,No,18,18,100,0.1193,No
EST-01671,2,19,No binario / otro,Magdalena,Urbana,3,Privado,56,Enfermería,No,0,0,1.11,Sí,Mixto,32,20,2.98,91.1,54,0,2,No,No,18,16,88.9,0.0995,No
EST-01672,2,19,Hombre,Magdalena,Rural,2,Oficial,52,Administración,No,0,0,1.04,No,Recursos familiares,94,18,2.85,79.9,70,2,0,No,No,20,16,80,0.3337,No
EST-01673,2,21,Mujer,Meta,Urbana,1,Oficial,37,Negocios Internacionales,No,0,0,0.64,No,Beca / subsidio,51,14,3.22,88,55,0,0,No,No,20,20,100,0.1143,No
EST-01674,1,21,Mujer,Antioquia,Rural,3,Oficial,15,Ingeniería Industrial,Sí,31,0,1.6,No,Recursos familiares,105,19,1.88,69,57,0,1,No,Sí,,,,0.4709,Sí
EST-01675,1,22,Mujer,Valle del Cauca,Urbana,1,Oficial,38,Ingeniería de Sistemas,Sí,24,0,0.81,No,Crédito educativo,38,17,3.54,78.5,51,0,0,Sí,No,,,,0.2961,No
EST-01676,2,24,Hombre,Antioquia,Urbana,2,Privado,48,Negocios Internacionales,Sí,37,1,1.38,Sí,Beca / subsidio,57,14,3.26,79.6,86,0,0,No,No,20,20,100,0.1172,No
EST-01677,1,22,Mujer,Norte de Santander,Urbana,3,Oficial,53,Administración,No,0,0,2.37,No,Crédito educativo,54,18,3.2,91.7,93,0,0,No,No,,,,0.0884,No
EST-01678,2,24,Mujer,Risaralda,Urbana,2,Oficial,60,Negocios Internacionales,Sí,35,0,1.14,Sí,Recursos familiares,65,14,2.62,86.9,31,1,0,No,No,16,14,87.5,0.2466,No
EST-01679,2,18,Mujer,Tolima,Urbana,2,Oficial,53,Administración,No,0,0,1.51,No,Crédito educativo,71,17,3.79,85.2,86,0,0,Sí,No,16,16,100,0.1858,Sí
EST-01680,1,18,Mujer,Otro,Urbana,4,Oficial,67,Ingeniería Industrial,No,0,0,5.42,No,Beca / subsidio,41,17,3.51,77.1,65,0,0,No,No,,,,0.0776,No
EST-01681,1,21,Mujer,Cauca,Rural,2,Oficial,4,Psicología,No,0,0,2.39,Sí,Beca / subsidio,69,15,3.29,85.1,72,0,0,No,No,,,,0.0377,No
EST-01682,1,20,Hombre,Norte de Santander,Urbana,2,Oficial,62,Administración,No,0,0,2.43,Sí,Recursos familiares,36,20,3.76,100,54,0,0,Sí,No,,,,0.1185,No
EST-01683,2,20,Mujer,Cundinamarca,Urbana,3,Oficial,51,Contaduría,No,0,0,3.22,No,Recursos familiares,74,18,3.9,94.2,84,0,0,No,No,18,17,94.4,0.0239,No
EST-01684,2,23,Hombre,Huila,Urbana,1,Oficial,60,Contaduría,Sí,33,1,0.89,No,Crédito educativo,30,19,3.52,73.7,53,2,0,No,Sí,16,12,75,0.3561,No
EST-01685,1,24,Mujer,Bolívar,Urbana,1,Oficial,33,Negocios Internacionales,Sí,25,0,1,No,Crédito educativo,11,15,4.34,99.5,71,0,0,Sí,No,,,,0.1797,No
EST-01686,1,18,Hombre,Nariño,Urbana,2,Oficial,58,Enfermería,No,0,0,1.9,No,Recursos familiares,51,19,2.73,87,75,0,0,No,No,,,,0.1958,No
EST-01687,1,23,Hombre,Valle del Cauca,Urbana,3,Privado,46,Ingeniería de Sistemas,Sí,29,0,2.9,No,Mixto,30,18,3.64,83.8,92,0,0,No,No,,,,0.1132,No
EST-01688,1,22,Hombre,Atlántico,Rural,1,Privado,35,Ingeniería Industrial,No,0,0,0.72,No,Crédito educativo,77,20,3.2,86.2,68,0,0,Sí,No,,,,0.2656,No
EST-01689,2,22,Mujer,Nariño,Urbana,2,Oficial,17,Ingeniería de Sistemas,Sí,21,0,1.09,No,Beca / subsidio,73,17,2.81,81.2,70,0,0,No,No,18,18,100,0.1539,No
EST-01690,1,18,Mujer,Risaralda,Rural,4,Privado,57,Psicología,No,0,0,3.72,No,Recursos familiares,43,14,4.38,94.6,92,0,0,No,No,,,,0.0413,No
EST-01691,2,17,Mujer,Bogotá D.C.,Urbana,3,Oficial,4,Diseño,No,0,0,3.63,No,Recursos familiares,39,18,2.95,85.5,68,3,0,No,No,16,9,56.2,0.3297,No
EST-01692,1,31,Mujer,Antioquia,Urbana,3,Oficial,81,Ingeniería Industrial,Sí,44,1,1.95,No,Recursos familiares,45,17,2.79,79.2,36,0,1,No,Sí,,,,0.5387,No
EST-01693,1,17,Hombre,Atlántico,Urbana,4,Privado,71,Comunicación,Sí,16,0,1.98,No,Recursos familiares,13,20,3.62,98,80,1,0,No,No,,,,0.1287,No
EST-01694,2,17,Hombre,Bolívar,Urbana,4,Privado,68,Derecho,No,0,0,2.92,No,Recursos familiares,72,18,3.55,89.8,57,1,0,No,No,18,17,94.4,0.1163,No
EST-01695,2,23,Mujer,Antioquia,Urbana,2,Oficial,42,Derecho,No,0,0,1.43,No,Crédito educativo,31,16,2.8,91.3,44,1,0,No,No,18,16,88.9,0.1906,No
EST-01696,1,20,Mujer,Meta,Urbana,3,Oficial,70,Diseño,Sí,31,0,3.21,No,Recursos familiares,5,18,3.31,89.7,69,0,0,No,No,,,,0.1195,No
EST-01697,1,21,Hombre,Bogotá D.C.,Urbana,4,Privado,65,Negocios Internacionales,Sí,27,0,3.19,No,Recursos familiares,75,18,2.7,81.4,60,2,0,No,No,,,,0.4129,No
EST-01698,2,18,Hombre,Córdoba,Rural,1,Oficial,40,Diseño,No,0,0,1.01,No,Recursos familiares,57,19,3.03,81.8,71,0,0,No,Sí,16,16,100,0.1228,No
EST-01699,2,27,Mujer,Cundinamarca,Urbana,2,Oficial,63,Contaduría,Sí,9,2,1.13,No,Crédito educativo,62,16,3.42,93.2,75,0,0,No,No,18,18,100,0.1559,No
EST-01700,2,20,Hombre,Bogotá D.C.,Urbana,3,Oficial,48,Diseño,No,0,0,4.2,No,Recursos familiares,65,14,3.57,100,80,0,0,No,No,18,18,100,0.0205,No
EST-01701,1,18,Mujer,Tolima,Urbana,5,Privado,67,Negocios Internacionales,No,0,0,10.58,No,Mixto,63,16,3.69,92.1,70,0,0,No,No,,,,0.101,Sí
EST-01702,2,19,Hombre,Bogotá D.C.,Urbana,1,Oficial,51,Enfermería,No,0,0,1.37,No,Recursos familiares,106,18,3.48,85.7,78,0,0,Sí,No,16,15,93.8,0.1762,No
EST-01703,2,19,Mujer,Cundinamarca,Urbana,1,Oficial,21,Ingeniería de Sistemas,No,0,0,0.69,Sí,Recursos familiares,18,18,3.37,96.1,62,0,0,Sí,No,18,18,100,0.0688,Sí
EST-01704,1,18,Mujer,Bogotá D.C.,Urbana,3,Privado,37,Enfermería,No,0,0,2.25,No,Crédito educativo,8,16,2.8,84,92,0,0,No,Sí,,,,0.112,No
EST-01705,1,25,Hombre,Valle del Cauca,Urbana,2,Oficial,48,Contaduría,Sí,37,0,1.64,Sí,Beca / subsidio,23,18,3.48,77.3,45,0,1,Sí,No,,,,0.2436,No
EST-01706,2,25,Mujer,Cundinamarca,Urbana,3,Privado,89,Diseño,No,0,0,1.98,Sí,Mixto,27,18,4.14,95.8,98,0,0,No,Sí,18,18,100,0.0125,No
EST-01707,2,17,Mujer,Valle del Cauca,Urbana,2,Oficial,30,Ingeniería de Sistemas,No,0,0,1.35,No,Crédito educativo,52,18,3.33,96.5,78,0,0,No,No,14,13,92.9,0.084,No
EST-01708,2,26,Mujer,Magdalena,Urbana,2,Oficial,56,Ingeniería de Sistemas,Sí,12,0,0.86,No,Crédito educativo,21,16,3.32,90.5,65,0,0,No,No,18,18,100,0.0929,No
EST-01709,2,18,Mujer,Antioquia,Urbana,3,Oficial,53,Diseño,No,0,0,3.63,No,Beca / subsidio,37,20,4.49,97.5,78,0,0,No,No,16,15,93.8,0.0597,No
EST-01710,2,36,Hombre,Meta,Urbana,2,Oficial,70,Enfermería,No,0,1,1.15,Sí,Mixto,41,16,2.5,88.3,78,0,0,No,Sí,18,18,100,0.1181,No
EST-01711,2,18,Hombre,Nariño,Urbana,3,Oficial,70,Diseño,No,0,0,3.05,No,Mixto,38,20,4.14,87,87,0,1,No,No,18,18,100,0.0671,No
EST-01712,1,22,Mujer,Antioquia,Rural,1,Oficial,17,Negocios Internacionales,No,0,0,1.07,No,Crédito educativo,81,18,2.81,75.1,56,0,0,No,No,,,,0.2676,No
EST-01713,1,21,Mujer,Boyacá,Urbana,5,Privado,42,Ingeniería Industrial,No,0,0,4.01,No,Mixto,34,18,3.54,78.5,100,0,0,No,No,,,,0.06,No
EST-01714,1,17,Mujer,Boyacá,Urbana,2,Oficial,47,Comunicación,No,0,0,1.52,No,Crédito educativo,25,18,3.01,88.1,72,0,0,No,No,,,,0.1815,Sí
EST-01715,2,18,Mujer,Córdoba,Urbana,2,Oficial,81,Contaduría,No,0,0,1.74,No,Crédito educativo,42,15,3.94,90.4,75,0,0,Sí,No,16,16,100,0.1767,No
EST-01716,2,25,Hombre,Boyacá,Urbana,1,Oficial,19,Contaduría,No,0,0,0.94,Sí,Mixto,36,20,3.71,83.7,100,0,0,No,No,16,16,100,0.0594,No
EST-01717,1,21,Hombre,Santander,Urbana,3,Oficial,44,Diseño,Sí,12,0,2.14,No,Recursos familiares,47,20,3.52,93.9,61,0,0,No,No,,,,0.0513,No
EST-01718,1,21,Mujer,Bolívar,Rural,2,Oficial,31,Ingeniería de Sistemas,No,0,0,1.41,No,Recursos familiares,62,16,3.25,100,61,0,0,No,No,,,,0.1446,No
EST-01719,1,35,Hombre,Valle del Cauca,Urbana,2,Oficial,55,Administración,Sí,41,0,1.88,No,Crédito educativo,22,19,3.35,86.1,69,0,0,No,No,,,,0.1584,No
EST-01720,1,19,Hombre,Quindío,Urbana,2,Oficial,66,Administración,No,0,0,1.27,Sí,Recursos familiares,42,16,3.13,100,42,1,0,No,No,,,,0.1181,No
EST-01721,2,23,Hombre,Bolívar,Urbana,2,Privado,56,Psicología,No,0,0,0.78,No,Recursos familiares,52,18,3.5,96.4,97,0,0,No,No,16,16,100,0.0806,No
EST-01722,2,20,Mujer,Bolívar,Urbana,1,Oficial,63,Enfermería,No,0,0,0.55,No,Crédito educativo,32,16,4.12,88.9,88,0,0,Sí,Sí,20,20,100,0.1442,No
EST-01723,1,26,Mujer,Quindío,Rural,3,Oficial,60,Enfermería,No,0,0,1.92,No,Recursos familiares,100,16,3.17,92.2,55,0,0,No,No,,,,0.1894,No
EST-01724,2,19,Hombre,Bolívar,Rural,2,Oficial,33,Administración,Sí,31,0,1.91,Sí,Mixto,53,18,2.55,86.4,62,0,0,No,No,14,14,100,0.1238,No
EST-01725,2,19,Hombre,Antioquia,Urbana,4,Privado,69,Administración,No,0,0,2.7,Sí,Mixto,41,16,4.06,99.2,91,0,2,No,No,18,15,83.3,0.0695,No
EST-01726,1,24,Hombre,Boyacá,Urbana,3,Oficial,37,Ingeniería de Sistemas,No,0,0,3.5,No,Crédito educativo,31,20,3.49,87.4,83,0,0,No,No,,,,0.0887,No
EST-01727,1,24,Hombre,Bolívar,Urbana,4,Privado,79,Ingeniería Industrial,No,0,0,5.08,No,Crédito educativo,30,15,3.76,100,64,0,0,No,No,,,,0.1046,No
EST-01728,2,20,Hombre,Tolima,Urbana,2,Privado,50,Administración,No,0,0,1.01,No,Crédito educativo,61,16,3.36,89.7,79,0,0,Sí,No,18,18,100,0.2062,Sí
EST-01729,1,18,Hombre,Bogotá D.C.,Urbana,2,Oficial,38,Enfermería,Sí,9,0,1.28,No,Recursos familiares,68,18,2.56,86.4,48,0,0,Sí,No,,,,0.3842,No
EST-01730,1,21,Mujer,Antioquia,Urbana,3,Oficial,40,Negocios Internacionales,No,0,0,2.08,No,Mixto,85,18,3.21,91.3,62,0,0,No,No,,,,0.1031,No
EST-01731,2,21,Hombre,Bogotá D.C.,Urbana,3,Oficial,56,Diseño,No,0,0,1.43,Sí,Beca / subsidio,67,18,3.53,100,77,0,0,No,No,14,14,100,0.0168,No
EST-01732,1,24,Hombre,Antioquia,Urbana,2,Oficial,37,Ingeniería de Sistemas,No,0,0,1.1,No,Crédito educativo,39,20,3.25,76.9,51,0,0,No,No,,,,0.1443,No
EST-01733,1,20,Hombre,Nariño,Rural,1,Oficial,61,Diseño,No,0,0,1.27,Sí,Beca / subsidio,65,16,3.8,97.2,54,0,0,No,No,,,,0.0527,No
EST-01734,2,18,Mujer,Meta,Urbana,4,Privado,39,Psicología,Sí,23,0,4.2,No,Recursos familiares,75,20,3.08,87.7,73,0,0,No,No,20,20,100,0.0947,No
EST-01735,1,22,Mujer,Magdalena,Urbana,3,Privado,24,Diseño,No,0,0,2.93,No,Mixto,5,19,3.4,91.6,69,0,0,No,No,,,,0.0874,No
EST-01736,1,17,Mujer,Santander,Urbana,1,Oficial,28,Ingeniería Industrial,Sí,32,0,0.61,Sí,Beca / subsidio,17,16,3.16,87.4,60,0,0,No,No,,,,0.1483,No
EST-01737,1,24,Mujer,Nariño,Urbana,3,Privado,56,Contaduría,No,0,0,1.22,No,Recursos familiares,20,18,3.14,84.4,68,0,0,No,No,,,,0.1251,Sí
EST-01738,2,19,Mujer,Bogotá D.C.,Urbana,2,Oficial,50,Negocios Internacionales,No,0,0,2.32,Sí,Beca / subsidio,22,19,3.48,90.3,66,0,0,No,No,18,17,94.4,0.0234,No
EST-01739,1,17,Mujer,Norte de Santander,Urbana,2,Oficial,50,Enfermería,No,0,0,1.22,No,Crédito educativo,76,18,3.48,78.4,56,1,0,Sí,No,,,,0.3957,No
EST-01740,1,21,Hombre,Santander,Rural,1,Oficial,35,Enfermería,No,0,0,1,No,Crédito educativo,76,15,2.55,89.7,68,0,0,Sí,No,,,,0.4525,Sí
EST-01741,1,18,Hombre,Risaralda,Urbana,3,Oficial,54,Administración,Sí,5,0,5.27,Sí,Recursos familiares,33,16,3.62,100,60,0,0,No,No,,,,0.0566,Sí
EST-01742,2,19,Hombre,Antioquia,Urbana,4,Oficial,45,Contaduría,No,0,0,4.78,No,Recursos familiares,45,15,3.41,97.8,61,0,0,No,No,18,18,100,0.1005,No
EST-01743,2,19,Hombre,Risaralda,Urbana,1,Privado,43,Ingeniería de Sistemas,No,0,0,0.74,No,Crédito educativo,30,15,3.32,78.6,61,0,0,Sí,No,18,17,94.4,0.234,No
EST-01744,1,26,Hombre,Cundinamarca,Urbana,2,Privado,59,Administración,Sí,24,0,2.33,Sí,Beca / subsidio,80,17,3.32,81.2,73,0,0,No,No,,,,0.071,No
EST-01745,2,25,Hombre,Bogotá D.C.,Urbana,3,Privado,63,Psicología,No,0,0,1.52,No,Recursos familiares,27,17,3.59,89.8,83,0,0,No,No,14,14,100,0.0761,No
EST-01746,1,22,Mujer,Cauca,Urbana,3,Oficial,92,Ingeniería Industrial,Sí,11,0,2.33,No,Beca / subsidio,7,17,4.13,90.6,72,0,0,No,Sí,,,,0.073,No
EST-01747,1,22,Mujer,Huila,Urbana,3,Oficial,79,Derecho,No,0,0,2.55,No,Mixto,27,18,3.72,90.4,100,0,0,Sí,No,,,,0.116,No
EST-01748,2,20,Hombre,Bogotá D.C.,Urbana,4,Privado,36,Administración,Sí,26,0,5.1,No,Crédito educativo,65,18,2.54,78.2,75,0,0,No,No,20,19,95,0.2936,No
EST-01749,2,20,Hombre,Santander,Urbana,2,Oficial,53,Enfermería,No,0,0,2.28,Sí,Mixto,34,14,4.17,98.1,86,0,0,Sí,Sí,20,20,100,0.0206,No
EST-01750,2,18,No binario / otro,Antioquia,Urbana,2,Oficial,47,Ingeniería Industrial,No,0,0,0.91,No,Crédito educativo,51,18,3.17,83.2,90,1,0,Sí,No,20,17,85,0.2623,No
EST-01751,1,17,Mujer,Tolima,Urbana,4,Privado,34,Contaduría,No,0,0,2.42,No,Recursos familiares,43,17,4.32,100,100,0,0,No,No,,,,0.0192,No
EST-01752,1,20,Hombre,Bogotá D.C.,Urbana,1,Oficial,6,Ingeniería de Sistemas,No,0,0,0.93,No,Recursos familiares,88,17,2.94,89.5,64,2,0,No,No,,,,0.2594,No
EST-01753,2,20,Hombre,Atlántico,Urbana,3,Oficial,61,Contaduría,No,0,0,4.18,No,Beca / subsidio,34,16,3.47,92.2,80,0,0,No,No,18,18,100,0.0334,No
EST-01754,2,21,Hombre,Boyacá,Urbana,2,Oficial,47,Administración,No,0,0,1.21,No,Crédito educativo,75,17,2.97,86.4,76,1,1,No,No,18,16,88.9,0.1836,No
EST-01755,1,29,Mujer,Valle del Cauca,Rural,2,Oficial,56,Administración,Sí,19,2,2.06,No,Recursos familiares,62,20,3.82,91.7,61,0,0,No,No,,,,0.2491,No
EST-01756,1,20,Hombre,Bogotá D.C.,Urbana,5,Privado,28,Ingeniería Industrial,No,0,0,9.02,No,Recursos familiares,62,14,2.84,87.5,54,0,0,No,No,,,,0.1181,No
EST-01757,2,18,Mujer,Antioquia,Rural,2,Privado,72,Comunicación,No,0,0,1.58,Sí,Beca / subsidio,64,14,3.07,83.5,90,0,0,No,No,16,16,100,0.0868,No
EST-01758,1,19,Mujer,Antioquia,Urbana,2,Oficial,47,Administración,No,0,0,1.14,Sí,Recursos familiares,36,18,3.22,97.6,51,0,0,No,Sí,,,,0.0512,No
EST-01759,1,23,Mujer,Boyacá,Urbana,3,Oficial,74,Ingeniería Industrial,Sí,36,0,3.26,Sí,Beca / subsidio,58,18,3.18,82.8,59,0,0,No,No,,,,0.1311,No
EST-01760,1,20,Hombre,Bogotá D.C.,Urbana,2,Oficial,61,Negocios Internacionales,Sí,8,2,1.02,No,Beca / subsidio,52,16,3.63,92.8,61,0,0,No,No,,,,0.136,No
EST-01761,2,18,Mujer,Valle del Cauca,Urbana,4,Privado,40,Psicología,No,0,0,4.31,Sí,Recursos familiares,27,19,3.5,95.3,79,0,0,No,No,16,16,100,0.0485,No
EST-01762,2,23,Hombre,Antioquia,Urbana,2,Oficial,63,Psicología,No,0,0,3.39,No,Beca / subsidio,54,16,4.21,96.8,88,0,0,Sí,No,18,18,100,0.0969,No
EST-01763,1,21,Mujer,Antioquia,Urbana,1,Oficial,46,Administración,Sí,30,0,0.9,No,Recursos familiares,29,19,3.54,92.8,69,1,0,Sí,No,,,,0.278,Sí
EST-01764,2,19,Mujer,Antioquia,Rural,4,Oficial,16,Diseño,No,0,0,4.17,Sí,Mixto,76,16,3.56,85.4,66,0,0,No,No,18,17,94.4,0.0607,No
EST-01765,2,19,Mujer,Valle del Cauca,Urbana,2,Oficial,8,Administración,No,0,0,1.12,Sí,Mixto,31,16,3.49,97.8,67,0,0,No,No,18,18,100,0.0206,No
EST-01766,1,20,Mujer,Antioquia,Urbana,2,Oficial,52,Ingeniería Industrial,No,0,0,1.28,No,Recursos familiares,68,14,4.09,86.3,60,0,0,Sí,No,,,,0.1773,No
EST-01767,2,20,Hombre,Otro,Urbana,2,Oficial,60,Contaduría,No,0,0,1.42,Sí,Recursos familiares,75,18,3.67,88.5,59,0,3,Sí,No,18,15,83.3,0.1171,Sí
EST-01768,1,21,Mujer,Atlántico,Urbana,1,Oficial,60,Administración,No,0,0,1.43,No,Recursos familiares,51,20,4.12,88.9,76,0,0,No,No,,,,0.0773,No
EST-01769,2,31,No binario / otro,Boyacá,Rural,3,Oficial,21,Ingeniería Industrial,Sí,22,0,3.49,No,Recursos familiares,121,17,2.69,84.7,37,0,0,No,No,18,17,94.4,0.3032,No
EST-01770,2,26,Mujer,Nariño,Urbana,1,Oficial,21,Ingeniería de Sistemas,Sí,19,0,0.62,No,Crédito educativo,52,14,3.45,91.1,75,0,0,No,No,16,16,100,0.1091,No
EST-01771,2,19,Mujer,Cauca,Urbana,2,Privado,50,Comunicación,No,0,0,1.7,No,Recursos familiares,36,17,3.84,93,84,0,0,No,No,14,13,92.9,0.0568,No
EST-01772,2,17,Mujer,Risaralda,Urbana,1,Oficial,47,Contaduría,No,0,0,0.65,No,Beca / subsidio,41,17,3.57,96.8,76,0,0,No,No,20,20,100,0.0921,No
EST-01773,1,23,Hombre,Norte de Santander,Urbana,2,Oficial,83,Ingeniería Industrial,No,0,0,1,Sí,Crédito educativo,63,20,4.01,100,92,0,0,No,No,,,,0.0323,No
EST-01774,1,19,Hombre,Bogotá D.C.,Urbana,2,Oficial,76,Derecho,No,0,0,1.86,Sí,Crédito educativo,10,14,3.82,80.5,65,0,0,No,No,,,,0.0646,No
EST-01775,1,19,Hombre,Antioquia,Urbana,1,Oficial,34,Ingeniería Industrial,No,0,0,1.3,Sí,Mixto,50,18,3.5,89.9,54,0,0,No,No,,,,0.0492,No
EST-01776,2,19,Mujer,Valle del Cauca,Urbana,2,Oficial,35,Administración,No,0,0,1.83,No,Mixto,25,18,2.79,93.2,50,2,0,No,Sí,16,12,75,0.2205,No
EST-01777,2,26,Mujer,Caldas,Urbana,4,Oficial,51,Comunicación,Sí,20,0,4.34,No,Crédito educativo,18,16,3.79,99.2,63,0,0,No,No,18,18,100,0.086,No
EST-01778,1,18,Mujer,Nariño,Urbana,2,Oficial,72,Psicología,No,0,0,1.84,No,Recursos familiares,21,16,3.59,93,77,0,0,No,No,,,,0.0909,Sí
EST-01779,2,25,Mujer,Valle del Cauca,Urbana,1,Oficial,72,Contaduría,No,0,0,1.28,Sí,Recursos familiares,37,18,3.75,98.1,50,0,0,Sí,No,18,18,100,0.0754,No
EST-01780,1,20,Hombre,Valle del Cauca,Urbana,3,Privado,66,Administración,No,0,0,1.25,No,Recursos familiares,47,17,3.74,83.6,70,0,0,No,No,,,,0.0209,No
EST-01781,1,20,Hombre,Antioquia,Urbana,3,Oficial,32,Psicología,No,0,0,3.15,No,Recursos familiares,34,18,2.4,78.1,64,1,0,No,No,,,,0.2802,No
EST-01782,2,20,Mujer,Risaralda,Rural,1,Oficial,57,Comunicación,No,0,0,0.84,Sí,Beca / subsidio,30,16,2.85,84.2,72,3,0,Sí,No,18,12,66.7,0.3552,Sí
EST-01783,1,32,Hombre,Boyacá,Urbana,2,Oficial,72,Diseño,No,0,1,0.84,No,Crédito educativo,17,19,3.23,88.7,69,0,0,No,No,,,,0.2008,No
EST-01784,1,25,Mujer,Antioquia,Urbana,2,Oficial,35,Administración,Sí,37,1,0.88,Sí,Mixto,19,19,3.15,91.8,66,0,0,No,No,,,,0.1748,Sí
EST-01785,2,19,Mujer,Magdalena,Urbana,3,Oficial,39,Administración,Sí,15,0,2.12,No,Recursos familiares,41,18,3.52,95.2,66,0,0,No,No,14,14,100,0.1012,No
EST-01786,2,17,Mujer,Magdalena,Urbana,3,Oficial,50,Psicología,No,0,0,1.58,No,Mixto,103,18,3.64,90.1,87,0,0,No,No,16,15,93.8,0.0652,No
EST-01787,2,19,Mujer,Cundinamarca,Urbana,2,Oficial,22,Negocios Internacionales,No,0,0,1.19,Sí,Recursos familiares,72,19,2.88,90.3,65,0,2,No,No,18,16,88.9,0.1379,Sí
EST-01788,1,22,Hombre,Cundinamarca,Urbana,2,Privado,28,Psicología,Sí,26,0,1.25,No,Recursos familiares,28,18,2.94,88.5,60,0,0,Sí,No,,,,0.315,Sí
EST-01789,1,19,Hombre,Valle del Cauca,Urbana,3,Privado,48,Negocios Internacionales,No,0,0,2.28,No,Crédito educativo,5,15,2.45,81.9,45,1,0,No,Sí,,,,0.2267,No
EST-01790,1,19,Mujer,Huila,Rural,2,Oficial,53,Contaduría,No,0,0,1.31,No,Beca / subsidio,78,18,3.55,95.9,84,0,0,No,No,,,,0.1028,No
EST-01791,1,19,Hombre,Bogotá D.C.,Urbana,3,Privado,63,Comunicación,No,0,0,3.73,No,Recursos familiares,74,20,3.92,87.5,62,0,0,No,No,,,,0.0541,No
EST-01792,1,17,Mujer,Huila,Urbana,3,Oficial,51,Ingeniería de Sistemas,Sí,4,0,1.91,No,Mixto,43,18,3.47,91.2,55,2,0,No,No,,,,0.1749,No
EST-01793,1,19,Mujer,Bogotá D.C.,Urbana,1,Oficial,38,Negocios Internacionales,No,0,0,1,Sí,Recursos familiares,60,18,3.01,85.6,68,0,0,Sí,No,,,,0.1384,No
EST-01794,1,18,Hombre,Otro,Urbana,5,Privado,79,Ingeniería Industrial,No,0,0,6.46,Sí,Beca / subsidio,5,18,2.9,91.8,51,0,0,No,No,,,,0.0625,No
EST-01795,2,21,Hombre,Bogotá D.C.,Urbana,3,Oficial,51,Administración,No,0,0,5.22,No,Beca / subsidio,76,19,3.33,96,68,0,0,No,Sí,16,16,100,0.0513,No
EST-01796,1,31,Hombre,Nariño,Rural,2,Oficial,26,Diseño,No,0,0,1.68,Sí,Mixto,50,18,3.55,86.9,78,0,0,No,No,,,,0.0733,No
EST-01797,1,26,Hombre,Valle del Cauca,Urbana,3,Privado,31,Administración,Sí,15,0,2.98,No,Recursos familiares,30,17,3.37,90.7,71,0,0,No,No,,,,0.0795,No
EST-01798,2,24,Mujer,Magdalena,Urbana,5,Privado,77,Diseño,No,0,1,6.65,Sí,Mixto,37,18,3.44,100,84,0,0,No,No,20,19,95,0.0552,No
EST-01799,2,22,Mujer,Atlántico,Rural,2,Oficial,34,Negocios Internacionales,No,0,0,1.93,No,Recursos familiares,77,19,3.19,100,66,0,0,No,No,16,16,100,0.1429,No
EST-01800,1,24,Hombre,Tolima,Rural,3,Privado,53,Contaduría,No,0,0,2.22,No,Crédito educativo,42,14,3.48,88.4,58,0,0,No,Sí,,,,0.0945,No
